Name,RA,DEC,16cm,4cm,15mm,7mm,3mm
0000-177,00:03:21.9969,-17:27:11.781,1.554,0.576,0.380,0.004,0.052
0002-478,00:04:35.65552232,-47:36:19.6035044,0.304,0.415,0.426,0.330,0.687
0003-066,00:06:13.892894,-06:23:35.335300,1.941,3.445,2.493,5.717,3.913
0003-003,00:06:22.6338,-00:04:24.086,2.799,1.271,0.445,0.147,0.048
0006+061,00:09:03.9327,06:28:21.238,0.131,0.208,0.245,0.194,0.203
0008-421,00:10:52.520,-41:53:10.79,3.217,1.125,0.193,0.052,0.006
0008-264,00:11:01.246752,-26:12:33.377130,0.422,0.537,0.852,0.425,0.276
0009+081,00:11:35.269651,08:23:55.587470,0.559,0.472,0.257,0.342,0.113
J0011-8443,00:11:45.90267,-84:43:20.0096,0.218,0.164,0.117,0.087,0.068
0010-401,00:12:59.90986,-39:54:26.0553,0.473,0.703,0.389,0.361,0.301
0013-005,00:16:11.088554,-00:15:12.445280,0.868,0.704,0.423,0.316,0.162
0016-129,00:18:51.4001,-12:42:33.214,1.512,0.570,0.152,0.050,0.030
0019-000,00:22:25.425930,00:14:56.161440,1.853,1.026,0.308,0.127,0.025
0019+058,00:22:32.441226,06:08:04.268930,0.219,0.492,0.512,0.262,0.239
0022-423,00:24:42.990,-42:02:03.95,3.178,1.677,0.359,0.148,0.013
0023-263,00:25:49.15625,-26:02:12.6168,6.778,3.276,1.014,0.496,0.189
J0026-3512,00:26:16.388,-35:12:48.45,0.031,0.175,0.852,0.536,0.254
0024+092,00:27:05.7947,09:29:57.752,0.300,0.233,0.189,0.089,0.061
J0028-7045,00:28:41.56281,-70:45:15.9267,0.082,0.084,0.105,0.047,0.073
0027+056,00:29:45.8964,05:54:40.695,0.264,0.472,0.567,0.400,0.211
0027-426,00:30:17.49264,-42:24:46.4827,0.377,0.393,0.497,0.362,0.424
J0033-4236,00:33:47.94145,-42:36:14.0676,0.167,0.208,0.166,0.114,0.042
J0034-4116,00:34:04.40893,-41:16:19.4729,0.333,0.249,0.200,0.154,0.068
0032-203,00:35:08.7836,-20:03:59.664,1.248,0.418,0.094,0.015,0.007
0036-216,00:38:29.954721,-21:20:04.022270,0.691,0.374,0.146,0.073,0.016
0037-593,00:40:07.848794,-59:03:52.76516,0.701,0.514,0.245,0.134,0.015
0037+011,00:40:13.5252,01:25:46.303,0.102,0.135,0.225,0.242,0.260
J0040-4253,00:40:32.51473,-42:53:11.3916,0.185,0.151,0.095,0.095,0.017
0038-020,00:40:57.611582,-01:46:32.025620,0.570,0.653,0.614,0.468,0.442
J0042-4030,00:42:01.22481,-40:30:39.7419,0.215,0.195,0.118,0.076,0.011
0039-445,00:42:09.4222,-44:14:15.581,0.280,0.217,0.116,0.076,0.002
J0042-4333,00:42:24.86725,-43:33:39.8164,0.217,0.206,0.140,0.101,0.095
J0044-8422,00:44:26.68719,-84:22:39.9895,0.546,0.603,0.371,0.281,0.142
0042-357,00:44:41.22,-35:30:41.50,1.717,0.724,0.276,0.076,0.003
J0047-7530,00:47:40.81228,-75:30:11.3640,0.348,0.422,0.262,0.033,0.050
J0049-4457,00:49:16.62412,-44:57:11.1658,0.220,0.239,0.276,0.252,2.907
0047+023,00:49:43.235929,02:37:03.778200,0.240,0.228,0.459,0.225,0.412
0047-579,00:49:59.473,-57:38:27.33,2.063,1.627,1.035,1.045,0.488
0048-097,00:50:41.317390,-09:29:05.210210,0.483,0.633,0.724,0.522,0.132
0048-447,00:50:51.97,-44:28:38.9,0.863,0.279,0.046,0.021,0.004
0048-071,00:51:08.209796,-06:50:02.228140,0.791,0.824,1.036,0.931,0.560
0048-427,00:51:9.50181782,-42:26:33.2932305,0.853,0.873,0.687,0.429,0.376
J0054-7534,00:54:05.81337,-75:34:03.6325,0.045,0.079,0.119,0.091,0.005
0051-038,00:54:08.4465,-03:33:55.363,1.452,0.541,0.129,0.015,0.011
J0056-4451,00:56:45.85310,-44:51:02.1424,0.429,0.296,0.192,0.132,0.111
0055+060,00:58:33.8058,06:20:06.084,0.068,0.221,0.323,0.324,0.538
0056-572,00:58:46.581,-56:59:11.47,0.543,0.595,0.692,0.738,1.009
J0058-5219,00:58:55.89967,-52:19:27.8311,0.321,0.290,0.214,,0.152
0056-001,00:59:05.514924,00:06:51.621710,2.083,1.329,0.680,0.618,0.492
0056-172,00:59:06.6845,-17:00:38.522,1.023,0.241,0.046,0.007,0.005
J0101-6233,01:01:14.96878,-62:33:06.3361,0.222,0.268,0.165,,0.090
J0102-5637,01:02:10.45351,-56:37:04.4807,0.132,0.261,0.179,,0.105
J0102-8012,01:02:14.91169,-80:12:39.4316,0.370,0.575,0.317,0.197,0.275
J0103-4549,01:03:26.23150,-45:49:01.3801,0.194,0.136,0.117,0.089,0.134
J0103-6439,01:03:33.74178,-64:39:07.6842,0.242,0.217,0.415,,0.627
0104-408,01:06:45.108,-40:34:19.96,0.737,1.409,1.118,1.404,0.609
0106+013,01:08:38.771074,01:35:00.317140,3.513,3.497,3.043,2.656,0.309
0107-610,01:09:15.47522051,-60:49:48.4601351,0.459,0.585,0.424,0.205,0.255
J0110-6315,01:10:16.72027,-63:15:56.3530,0.142,0.194,0.294,,0.154
0108-079,01:10:50.020945,-07:41:41.113690,0.439,0.697,0.323,0.436,0.404
0111+021,01:13:43.144951,02:22:17.316310,0.493,0.565,0.729,0.423,0.605
0112-017,01:15:17.099972,-01:27:04.577370,0.694,0.844,0.539,0.423,0.482
0113-118,01:16:12.521963,-11:36:15.434050,1.107,1.332,1.176,1.391,0.934
J0116-7905,01:16:23.48023,-79:05:54.7484,0.202,0.229,0.217,0.025,0.248
0114-211,01:16:51.4043,-20:52:06.813,2.839,1.131,0.308,0.114,0.036
J0118-4102,01:18:45.27629,-41:02:30.7484,0.435,0.224,0.106,0.074,0.021
0116-219,01:18:57.262140,-21:41:30.139550,1.257,1.874,1.080,1.213,0.937
0116+082,01:19:01.2740,08:29:54.680,1.912,0.685,0.485,0.188,0.208
J0119-5357,01:19:50.44553,-53:57:17.8872,0.517,0.343,0.260,,0.183
0117-155,01:20:27.1972,-15:20:16.631,2.566,0.444,0.084,0.004,0.014
0118-272,01:20:31.663334,-27:01:24.652570,1.066,1.137,0.798,0.909,0.586
0119+041,01:21:56.861699,04:22:24.734360,0.974,0.862,1.404,0.759,0.495
0122-003,01:25:28.843788,-00:05:55.931800,1.146,1.141,0.877,0.873,0.748
0127+084,01:30:27.6358,08:42:46.197,0.145,0.163,0.165,0.159,0.238
J0131-7916,01:31:48.82281,-79:16:17.4855,0.062,0.095,0.158,0.020,0.210
0130-171,01:32:43.487454,-16:54:48.521370,1.152,0.851,2.614,0.865,1.380
0131-522,01:33:05.763,-52:00:03.94,0.862,1.266,1.141,1.088,0.960
0132-389,01:34:32.0382,-38:43:33.514,0.630,0.589,0.772,0.409,0.530
0132-097,01:34:35.6676,-09:31:03.072,0.881,0.567,0.353,0.110,0.040
0132+079,01:35:14.9994,08:11:07.106,1.540,0.796,0.038,0.006,0.005
0133-203,01:35:37.509375,-20:08:45.861680,0.521,0.407,0.270,0.140,0.109
J0136-4044,01:36:02.85627,-40:44:50.2969,0.106,0.255,0.292,0.453,0.446
0135-247,01:37:38.346378,-24:30:53.885260,1.022,1.033,1.205,1.489,1.967
0138-097,01:41:25.832025,-09:28:43.673810,0.511,0.735,0.669,0.621,0.418
0139-273,01:41:27.1913,-27:06:07.125,1.013,0.342,0.063,0.013,0.006
0142-278,01:45:03.394589,-27:33:34.328870,0.789,0.771,1.164,0.884,0.714
J0146-5202,01:46:48.58131,-52:02:33.6463,0.187,0.216,0.227,0.137,0.243
0146+056,01:49:22.370886,05:55:53.568660,1.073,1.105,0.819,0.568,0.063
0147-076,01:50:02.697304,-07:25:48.488550,0.187,0.101,0.052,0.024,0.016
0150-334,01:53:10.122,-33:10:25.86,0.930,0.848,0.642,0.837,0.256
0151+081,01:54:02.7707,08:23:51.080,0.077,0.101,0.188,0.065,0.213
J0154-5107,01:54:19.69514,-51:07:51.7278,0.278,0.263,0.236,,0.269
0153-410,01:55:37.059,-40:48:42.36,1.808,1.153,0.517,0.285,0.130
J0156-5439,01:56:49.71203,-54:39:48.5000,0.518,0.598,0.366,,0.024
0155-109,01:57:41.5280,-10:43:40.408,1.464,0.325,0.264,0.057,0.087
J0157-4614,01:57:51.11572,-46:14:23.2611,0.233,0.235,0.242,0.153,0.133
J0159-7231,01:59:34.40132,-72:31:45.4335,0.210,0.216,0.255,,0.144
J0200-4010,02:00:11.83858,-40:10:58.3057,0.296,0.209,0.139,,0.038
0158+031,02:00:40.8172,03:22:49.502,0.157,0.480,0.429,0.233,0.310
J0201-6638,02:01:07.74497,-66:38:12.6676,0.131,0.285,0.147,,0.165
0159+034,02:01:51.5093,03:43:09.256,0.285,0.207,0.156,0.104,0.055
0159-117,02:01:57.1647,-11:32:33.133,2.001,1.382,0.591,0.673,0.165
0201-440,02:03:40.76,-43:49:51.41,1.951,0.652,0.242,0.118,0.007
0202-172,02:04:57.674350,-17:01:19.840180,1.260,1.686,1.844,1.653,1.386
J0206-6143,02:06:40.00332,-61:43:32.2068,0.180,0.231,0.248,,0.233
J0208-6216,02:08:01.17116,-62:16:35.5348,0.193,0.234,0.201,,0.035
0205-010,02:08:26.3466,-00:47:44.292,0.581,0.372,0.273,0.199,0.193
0206-048,02:09:30.7666,-04:38:26.150,0.287,0.289,0.292,0.205,0.112
0208-512,02:10:46.200,-51:01:01.90,2.192,2.864,3.895,4.195,1.112
J0214-7027,02:14:04.46983,-70:27:06.1965,0.123,0.079,0.166,,0.119
J0214-6149,02:14:16.20457,-61:49:33.6600,0.402,0.552,0.594,,0.359
0213-026,02:15:42.017245,-02:22:56.751750,0.542,0.786,0.517,0.292,0.229
0213+051,02:15:55.0114,05:24:25.551,0.173,0.176,0.113,,0.065
0214-522,02:16:03.198150,-52:00:12.47851,0.847,0.531,0.227,0.113,0.072
0215+015,02:17:48.954740,01:44:49.699090,0.620,0.767,0.881,0.969,1.058
0216+011,02:19:07.024497,01:20:59.865760,0.497,0.897,0.818,0.602,0.454
J0219-6806,02:19:41.72787,-68:06:18.2413,0.451,0.328,0.221,,0.106
0218-021,02:20:54.2800,-01:56:51.800,0.440,0.013,0.016,0.003,-0.006
0220-349,02:22:56.402,-34:41:28.73,1.187,1.083,0.634,0.456,0.376
J0223-5347,02:23:30.87439,-53:47:39.9018,0.084,0.149,0.238,,0.193
0221+067,02:24:28.428190,06:59:23.341640,0.450,1.032,1.379,1.251,2.466
J0228-5546,02:28:21.59838,-55:46:03.2800,0.565,0.440,0.808,,0.932
J0229-5403,02:29:12.78544,-54:03:24.0331,0.200,0.477,0.138,,0.079
0230-790,02:29:34.945,-78:47:45.60,0.644,0.634,0.635,0.011,-0.056
J0231-4746,02:31:11.80361,-47:46:11.5823,0.228,0.616,0.834,,0.706
J0231-5841,02:31:16.93220,-58:41:06.7608,0.155,0.203,0.204,,0.095
0229-398,02:31:51.7886,-39:35:45.744,0.306,0.261,0.195,0.138,0.093
0231+045,02:34:07.1546,04:46:43.052,0.311,0.195,0.080,0.044,0.023
0235-618,02:36:53.24573338,-61:36:15.1827954,0.251,0.373,0.421,0.373,0.152
0234+052,02:37:14.0372,05:26:49.929,0.077,0.083,0.091,,0.076
0237-027,02:39:45.472266,-02:34:40.914300,0.363,0.853,0.643,0.697,0.310
0237+040,02:39:51.263048,04:16:21.411830,0.814,0.674,0.808,0.900,0.602
0237-233,02:40:08.174510,-23:09:15.730850,5.157,2.598,1.043,0.647,0.232
0238-084,02:41:04.798520,-08:15:20.751840,0.658,1.289,2.153,1.259,2.112
0240-217,02:42:35.909850,-21:32:25.935070,1.094,0.691,0.301,0.171,0.106
0240-002,02:42:40.7343,-00:00:47.237,2.131,0.549,0.158,0.065,0.041
J0246-4651,02:46:00.11796,-46:51:17.2317,0.956,0.801,0.797,,0.479
0246+061,02:49:18.016104,06:19:51.947230,0.751,0.722,0.441,,0.182
J0251-6000,02:51:26.24667,-60:00:06.2476,0.419,0.311,0.410,,0.558
0252-712,02:52:46.15240,-71:04:35.2565,4.001,1.494,0.334,0.119,-0.004
J0253-7513,02:53:10.88082,-75:13:16.6850,0.368,0.454,0.303,0.016,0.198
0252-549,02:53:29.180,-54:41:51.44,0.946,1.561,2.198,1.201,1.458
0256+054,02:58:50.5267,05:41:08.036,0.294,0.339,0.253,,0.188
0256+075,02:59:27.076633,07:47:39.643230,0.809,0.590,0.828,,0.864
0258+011,03:01:23.6061,01:18:35.971,0.318,0.346,0.541,0.299,0.329
J0303-7914,03:03:20.90182,-79:14:56.5164,0.189,0.385,0.235,0.044,0.276
J0303-6458,03:03:50.55166,-64:58:54.6825,0.174,0.180,0.160,,0.195
0302-623,03:03:50.632,-62:11:25.55,3.380,2.302,1.443,1.078,0.569
J0304-7007,03:04:18.24179,-70:07:41.1288,0.296,0.254,0.166,,0.044
J0304-4333,03:04:29.20219,-43:33:16.0281,0.169,0.183,0.139,,0.055
J0307-4857,03:07:34.19266,-48:57:11.5335,0.272,0.190,0.108,,0.004
0308-611,03:09:56.099,-60:58:39.06,1.018,1.388,1.048,0.641,0.615
J0312-5541,03:12:07.21302,-55:41:34.8163,0.287,0.291,0.185,,0.026
0310+013,03:12:43.6028,01:33:17.538,0.603,0.355,0.639,0.317,0.291
0310-150,03:12:46.3988,-14:49:52.051,1.612,0.679,0.288,0.135,0.056
J0314-6548,03:14:22.44510,-65:48:24.6961,0.237,0.229,0.260,,0.135
J0318-5650,03:18:57.80337,-56:50:37.4717,0.404,0.368,0.260,,0.065
J0323-6026,03:23:08.45901,-60:26:31.7352,0.135,0.137,0.153,,0.100
0320+053,03:23:20.2616,05:34:11.8909,1.996,0.756,0.183,,0.001
J0324-7320,03:24:03.81853,-73:20:47.2705,0.156,0.201,0.200,,0.079
0325+005,03:27:59.2161,00:44:22.735,0.280,0.305,0.351,0.207,0.115
0327-241,03:29:54.075537,-23:57:08.773300,0.619,1.103,0.969,0.834,0.643
J0330-4014,03:30:51.10399,-40:14:16.5959,0.674,0.547,0.368,,0.129
0332-403,03:34:13.65448352,-40:08:25.3976737,1.476,1.661,1.877,1.580,0.747
0332+078,03:34:53.316689,08:00:14.418780,0.407,0.447,0.351,,0.109
0334-546,03:35:53.925,-54:30:25.12,0.448,0.661,0.408,0.218,0.101
0334+056,03:36:43.0691,05:45:58.193,0.009,0.010,0.011,,0.015
0334+014,03:37:17.113392,01:37:22.772123,0.134,0.145,0.083,0.054,0.008
0336-019,03:39:30.937787,-01:46:35.803990,1.877,2.328,1.885,2.881,1.279
J0340-6703,03:40:28.24119,-67:03:16.5023,0.193,0.257,0.215,,0.067
0338-214,03:40:35.607864,-21:19:31.172230,0.893,0.715,0.659,0.492,0.104
J0341-5954,03:41:21.61456,-59:54:08.9097,0.272,0.160,0.089,,0.003
0346-279,03:48:38.144561,-27:49:13.565300,0.615,0.682,0.554,0.485,0.563
J0351-5142,03:51:28.22900,-51:42:55.4852,0.500,0.324,0.338,,0.263
0355-669,03:55:47.88331911,-66:45:33.8172166,0.805,0.557,0.399,0.341,0.134
0355-483,03:57:21.918,-48:12:15.16,0.377,0.438,0.249,0.091,0.028
J0357-4625,03:57:28.71668,-46:25:43.2359,0.100,0.125,0.117,,0.043
0357+057,04:00:11.735376,05:50:43.122920,0.273,0.333,0.210,0.166,0.040
0358+040,04:01:19.912896,04:13:34.408610,0.147,0.227,0.419,0.516,0.626
0400-319,04:02:21.266,-31:47:25.94,0.739,0.687,0.542,0.349,0.313
0402-362,04:03:53.750,-36:05:01.91,1.087,3.236,4.312,3.271,1.550
0403-132,04:05:34.003401,-13:08:13.691050,3.302,2.343,1.398,0.671,0.555
0403+064,04:06:34.307293,06:37:14.990570,0.297,0.369,0.350,0.277,0.205
0405-385,04:06:59.035,-38:26:28.04,1.552,1.503,2.777,2.900,0.464
0407+075,04:07:29.0870,07:42:07.500,0.425,0.705,0.587,0.979,0.449
0405-331,04:07:33.91377,-33:03:46.3587,0.581,0.695,0.537,0.421,0.178
0407-658,04:08:20.380,-65:45:09.08,9.631,2.720,0.506,0.152,0.020
0406-127,04:09:05.769732,-12:38:48.144100,0.200,0.309,0.214,0.134,0.034
0406-180,04:09:06.7000,-17:57:10.039,1.615,0.745,0.258,0.127,0.031
0406+065,04:09:25.8474,06:40:35.086,0.130,0.148,0.083,0.099,0.034
0408+085,04:11:33.8575,08:43:11.408,0.176,0.128,0.173,0.135,0.065
0409+000,04:12:33.456407,00:10:48.493230,0.193,0.169,0.169,0.147,0.055
J0412-8335,04:12:39.77308,-83:35:21.2062,0.138,0.172,0.155,0.028,0.161
J0412-4604,04:12:50.29957,-46:04:49.6380,0.360,0.304,0.189,0.064,0.146
0411-346,04:13:00.9438,-34:30:10.193,0.806,0.370,0.042,0.029,0.165
J0415-4737,04:15:54.25523,-47:37:35.4109,0.183,0.229,0.236,0.225,0.186
J0415-4637,04:15:58.68851,-46:37:49.2747,0.431,0.346,0.193,0.102,0.029
0413-210,04:16:04.359742,-20:56:27.517790,1.758,0.659,0.573,0.461,0.195
0414-341,04:16:10.05417,-34:03:03.9613,0.608,0.383,0.181,0.112,0.158
0414-189,04:16:36.544466,-18:51:08.340120,0.988,0.786,0.683,0.416,0.281
0420-625,04:20:56.13,-62:23:38.70,2.241,0.817,0.198,0.069,0.019
0420+022,04:22:52.214644,02:19:26.931920,1.377,1.267,0.864,0.634,0.706
0420-014,04:23:15.800727,-01:20:33.065310,1.802,1.502,1.633,1.343,1.952
0421+019,04:24:08.562028,02:04:24.964950,0.913,0.653,0.311,0.133,0.016
0422-380,04:24:42.244,-37:56:20.78,0.557,1.398,1.151,0.887,0.742
0422+004,04:24:46.842052,00:36:06.329830,0.296,0.566,0.535,0.853,0.287
J0425-5331,04:25:04.27303,-53:31:58.2600,0.237,0.326,0.281,0.198,0.149
J0425-6646,04:25:06.76626,-66:46:50.2661,0.250,0.308,0.168,0.097,0.058
0423+051,04:26:36.604102,05:18:19.872040,0.687,0.576,0.447,0.371,0.276
0425+048,04:27:47.570514,04:57:08.325980,0.329,0.303,0.302,0.236,0.330
0426-380,04:28:40.424,-37:56:19.58,1.137,3.336,4.270,4.256,2.499
J0428-5005,04:28:42.63223,-50:05:34.2952,0.350,0.396,0.360,0.220,0.144
0427-345,04:29:47.2210,-34:26:41.760,0.345,0.108,0.019,0.009,0.118
J0430-6132,04:30:22.01023,-61:32:00.6721,0.165,0.179,0.138,0.115,0.133
J0431-6406,04:31:28.10274,-64:06:31.3682,0.322,0.336,0.186,0.107,0.008
0430+052,04:33:11.095535,05:21:15.619420,2.751,3.483,3.201,6.828,1.782
J0433-6030,04:33:34.10844,-60:30:13.7697,0.356,0.318,0.442,0.380,0.382
J0434-4355,04:34:03.21386,-43:55:47.7676,0.338,0.261,0.175,0.077,0.006
0434-188,04:37:01.482736,-18:44:48.613410,0.999,0.824,0.521,0.355,0.044
0437-454,04:39:00.855,-45:22:22.56,0.576,1.402,0.632,0.449,0.665
0438-436,04:40:17.180,-43:33:08.60,3.525,1.597,1.523,1.434,0.249
J0440-6952,04:40:47.75743,-69:52:18.0881,0.226,0.330,0.304,0.330,0.236
0439-337,04:41:33.76806,-33:40:03.9172,1.093,0.678,0.270,0.141,0.055
J0441-5154,04:41:58.27735,-51:54:54.1699,0.366,0.414,0.335,0.256,0.242
0440-003,04:42:38.660762,-00:17:43.419100,2.336,2.024,1.454,0.929,0.430
0442+071,04:45:01.428730,07:15:53.914030,0.213,0.171,0.245,0.268,0.052
0445-221,04:47:37.2822,-22:03:36.8051,1.338,0.461,0.101,0.032,0.031
J0449-6106,04:49:24.36344,-61:06:26.8437,0.266,0.228,0.175,0.162,0.134
J0449-4809,04:49:39.59009,-48:09:40.7109,0.138,0.092,0.041,0.087,0.168
0448-392,04:49:42.25469,-39:11:09.4696,0.721,0.777,0.571,0.349,0.247
0454-810,04:50:05.439,-81:01:02.23,0.912,1.735,1.464,1.900,1.175
J0451-4428,04:51:24.65627,-44:28:50.8985,0.109,0.084,0.119,0.100,0.069
0450-469,04:51:53.34511,-46:53:19.8890,0.233,0.243,0.321,0.240,0.114
J0452-8535,04:52:34.29786,-85:35:18.2446,0.447,0.643,0.565,0.382,0.388
0450+013,04:53:02.2386,01:28:35.625,0.086,0.227,0.309,0.204,0.159
0451-282,04:53:14.646807,-28:07:37.327600,2.070,2.069,2.201,2.175,1.437
0453-206,04:55:23.6635,-20:34:14.511,0.362,0.018,0.005,0.017,0.005
0454-463,04:55:50.77247716,-46:15:58.6802029,3.096,2.522,2.181,1.552,1.138
J0456-4041,04:56:32.31412,-40:41:22.3558,0.166,0.218,0.231,0.213,0.039
0454+039,04:56:47.174725,04:00:52.947300,0.230,0.359,0.418,0.260,0.127
0454-234,04:57:03.179230,-23:24:52.020050,1.203,2.613,2.866,2.198,1.304
0454+066,04:57:07.709927,06:45:07.260640,0.542,0.490,1.048,1.546,0.714
0457+024,04:59:52.050664,02:29:31.176310,1.610,0.905,0.435,0.203,0.046
0458-020,05:01:12.809888,-01:59:14.256200,0.628,2.292,3.313,3.262,1.207
0459+060,05:02:15.445934,06:09:07.494300,1.012,1.076,0.642,0.366,0.231
0500+019,05:03:21.197177,02:03:04.676380,2.312,1.693,0.729,0.374,0.049
0502+049,05:05:23.184723,04:59:42.724480,0.553,0.741,0.708,1.031,0.383
J0505-7914,05:05:43.17317,-79:14:38.9954,0.148,0.229,0.231,0.157,0.030
0506-612,05:06:43.988715,-61:09:40.99318,1.430,1.119,0.882,0.625,
J0507-6104,05:07:54.67104,-61:04:43.1165,0.485,0.466,0.395,0.311,0.295
0506+056,05:09:25.964466,05:41:35.333530,0.484,0.563,0.444,0.337,0.396
J0510-8419,05:10:11.62513,-84:19:28.5199,0.177,0.188,0.182,0.129,0.214
0509+011,05:11:57.612491,01:10:49.435480,0.303,0.328,0.261,0.231,0.160
0511+009,05:13:40.032514,01:00:21.654410,0.153,0.261,0.162,0.101,0.055
0511-220,05:13:49.114326,-21:59:16.092020,0.697,0.689,0.934,0.699,0.353
J0514-4554,05:14:43.95966,-45:54:35.5721,0.141,0.248,0.238,0.209,0.228
0515-674,05:15:37.564,-67:21:27.78,1.175,0.556,0.195,0.099,0.032
J0515-4556,05:15:45.25018,-45:56:43.1982,0.694,0.836,0.668,0.837,0.803
0514-161,05:16:15.929354,-16:03:07.634560,0.401,0.532,0.706,0.495,0.274
0515+067,05:17:51.344149,06:48:03.210710,0.531,0.432,0.234,0.153,0.089
J0518-6935,05:18:32.58619,-69:35:21.3612,0.218,0.154,0.112,0.092,0.084
0516+087,05:19:10.8113,08:48:56.717,0.352,0.441,0.428,0.384,0.262
0518+165,05:21:09.886021,16:38:22.051220,6.308,3.880,2.365,1501.040,0.022
0519-208,05:21:38.8950,-20:47:39.388,0.890,0.250,0.049,0.006,0.205
0519+011,05:22:17.467439,01:13:31.186300,0.464,0.838,0.358,0.204,0.129
0522-611,05:22:34.425,-61:07:57.14,0.636,0.410,0.236,0.188,0.152
0521-365,05:22:57.984651,-36:27:30.850920,1.885,2.550,4.010,4.032,5.831
J0524-5658,05:24:40.24439,-56:58:51.5597,0.858,0.571,0.396,0.247,0.141
J0525-5725,05:25:58.56950,-57:25:07.9087,0.538,0.369,0.222,0.185,0.119
0524+034,05:27:32.705431,03:31:31.516650,0.237,0.351,0.393,0.478,0.449
J0529-7625,05:29:16.78447,-76:25:11.2482,0.098,0.185,0.179,0.027,0.027
0530-727,05:29:30.042,-72:45:28.51,0.678,0.790,1.219,1.050,0.802
0528-250,05:30:07.962795,-25:03:29.899590,1.175,0.853,0.325,0.173,0.063
0529+075,05:32:38.998531,07:32:43.345860,1.752,1.424,1.723,2.151,0.937
J0533-7216,05:33:44.71065,-72:16:24.3125,0.201,0.178,0.129,0.096,0.118
0532-378,05:34:17.498,-37:47:25.49,0.691,0.647,0.469,0.325,0.204
0534-340,05:36:28.43239,-34:01:11.4688,0.495,0.909,0.994,0.511,0.576
0537-441,05:38:50.362,-44:05:08.94,4.576,4.553,4.811,3.689,3.079
0537-158,05:39:32.010154,-15:50:30.321260,0.263,0.585,0.498,0.382,0.253
J0539-5612,05:39:42.39309,-56:12:49.9689,0.276,0.239,0.166,0.153,0.138
0537-286,05:39:54.281429,-28:39:55.947450,1.470,1.527,1.144,0.712,0.735
0539-530,05:40:25.170,-53:03:46.85,0.720,0.468,0.225,0.086,0.108
J0540-5418,05:40:45.84863,-54:18:22.0980,0.631,0.813,0.894,0.590,0.176
0539-057,05:41:38.083384,-05:41:49.428390,0.926,1.247,0.659,0.519,0.515
J0546-6415,05:46:41.83852,-64:15:21.9331,0.155,0.094,0.102,0.025,0.235
J0549-5246,05:49:43.80568,-52:46:25.9644,0.175,0.204,0.210,0.379,0.159
0548+084,05:51:11.2291,08:29:11.210,0.131,0.141,0.189,0.124,0.091
0550+032,05:52:50.101478,03:13:27.243150,0.437,1.068,1.027,0.716,0.895
J0558-5029,05:58:11.68483,-50:29:48.7565,0.224,0.195,0.117,0.117,0.155
J0558-7459,05:58:46.04086,-74:59:05.2043,0.209,0.242,0.223,0.169,0.228
J0602-5724,06:02:09.37276,-57:24:03.1871,0.106,0.126,0.118,0.113,0.150
0606-795,06:03:06.049,-79:34:50.57,1.113,0.429,0.134,0.011,0.038
0602-424,06:04:25.17469,-42:25:30.0938,0.186,0.518,0.820,0.663,0.486
0602+096,06:05:10.1131,09:39:13.593,0.373,0.398,0.237,0.137,0.274
J0606-4729,06:06:35.73340,-47:29:54.8433,0.261,0.263,0.217,0.156,0.124
J0607-6031,06:07:55.08633,-60:31:51.9931,0.898,0.577,0.383,0.506,0.146
0605-085,06:07:59.699243,-08:34:49.978150,1.851,3.504,4.678,3.099,3.615
J0608-5456,06:08:49.05938,-54:56:42.8832,0.478,0.626,0.803,0.575,0.197
0606-223,06:08:59.686836,-22:20:20.955920,1.156,1.053,0.989,0.553,0.614
0607-157,06:09:40.949538,-15:42:40.672640,3.197,3.044,3.436,2.976,2.805
J0610-6058,06:10:30.29578,-60:58:37.7615,0.170,0.105,0.064,0.092,0.116
0610-436,06:12:28.60528,-43:37:48.4012,0.277,0.191,0.256,0.105,0.051
0614-349,06:16:35.981466,-34:56:16.56406,3.191,1.542,0.406,0.098,0.162
0615-365,06:17:32.32400189,-36:34:14.8038750,1.470,0.643,0.179,0.087,0.037
J0620-6107,06:20:05.18933,-61:07:31.8887,0.234,0.253,0.216,0.211,0.112
J0621-4651,06:21:19.43480,-46:49:58.4396,0.291,0.241,0.179,0.173,0.124
J0621-5241,06:21:43.30335,-52:41:33.2961,0.347,0.295,0.199,0.088,0.144
J0623-6436,06:23:07.69656,-64:36:20.7232,0.295,0.299,0.327,0.388,0.204
J0625-6020,06:25:24.28873,-60:20:29.5063,0.378,0.353,0.215,0.163,0.127
J0625-5438,06:25:52.23060,-54:38:50.7033,0.535,0.652,0.429,0.240,0.203
0624-058,06:27:10.0960,-05:53:04.768,12.015,5.706,1.337,0.525,0.432
0627-199,06:29:23.761851,-19:59:19.723450,0.690,0.758,1.673,0.910,0.836
0629-418,06:31:11.998,-41:54:26.95,0.557,0.399,0.434,0.290,0.139
0637-752,06:35:46.507954,-75:16:16.81497,4.406,3.487,2.459,1.809,1.875
0637-337,06:39:20.905,-33:46:00.11,0.383,0.703,0.319,0.153,0.053
0639-032,06:41:51.1335,-03:20:48.500,0.554,0.564,0.495,0.745,1.145
J0642-6150,06:42:46.99932,-61:50:08.6742,0.181,0.155,0.107,0.175,0.106
0640+090,06:43:26.4517,08:57:37.999,0.401,0.354,0.742,0.210,0.601
0642-349,06:44:25.2817,-34:59:42.140,0.680,0.596,0.285,0.144,0.066
J0644-6712,06:44:28.04365,-67:12:57.3593,0.483,0.713,0.607,0.643,0.256
0646-306,06:48:14.097,-30:44:19.66,0.473,1.085,0.885,0.790,0.685
0647-475,06:48:48.453,-47:34:27.19,1.474,0.554,0.121,0.038,0.024
J0649-5920,06:49:29.48666,-59:20:34.0571,0.084,0.164,0.115,0.067,0.133
0648-165,06:50:24.581852,-16:37:39.725000,2.315,1.670,2.015,1.121,1.011
J0652-5751,06:52:43.59667,-57:51:19.6892,0.053,0.036,0.038,0.028,0.142
0650-063,06:53:00.5987,-06:25:32.520,0.395,0.470,0.503,0.369,0.607
0653-033,06:56:11.1223,-03:23:06.638,0.857,0.955,2.017,0.849,1.543
J0658-5840,06:58:13.77864,-58:40:27.5679,0.191,0.180,0.136,0.118,0.124
0656+082,06:59:17.996026,08:13:30.953190,0.827,0.679,0.477,0.150,0.149
J0700-6610,07:00:31.25304,-66:10:45.2329,0.694,0.840,0.710,0.628,1.094
0700-101,07:02:35.7542,-10:15:06.360,0.295,0.246,0.330,0.146,0.171
0700-007,07:03:19.1067,-00:51:04.949,0.518,0.460,0.383,0.423,0.508
J0705-6500,07:05:26.05246,-65:00:43.4848,0.184,0.163,0.147,0.129,0.112
0704-231,07:06:33.4782,-23:11:37.530,2.691,1.268,0.563,0.273,0.213
0706-113,07:09:10.4064,-11:27:48.444,0.117,0.112,0.290,0.206,0.195
0707-036,07:10:20.1341,-03:43:27.795,1.013,0.614,0.320,0.271,0.213
J0715-6829,07:15:09.49836,-68:29:58.2337,0.228,0.258,0.332,0.243,0.147
J0715-6627,07:15:12.98524,-66:27:52.0071,0.474,0.244,0.086,0.042,0.113
J0716-6240,07:16:33.68933,-62:40:26.7577,0.168,0.245,0.234,0.216,0.139
J0719-6218,07:19:04.47431,-62:18:02.4471,0.160,0.251,0.254,0.233,0.131
J0719-5228,07:19:14.29192,-52:28:32.5055,0.192,0.187,0.138,0.123,0.111
0718+042,07:21:23.909988,04:06:44.213910,0.411,0.876,0.226,0.334,1.096
J0723-8247,07:23:39.40586,-82:47:41.0908,0.212,0.224,0.172,0.154,0.296
0721-071,07:24:17.2992,-07:15:20.259,0.494,1.034,0.662,0.855,0.286
0723-189,07:25:50.1659,-19:04:19.094,0.180,0.151,0.135,0.080,0.059
0723-008,07:25:50.639953,-00:54:56.544380,5.864,5.860,6.077,5.078,4.004
0724-47,07:26:26.24006,-47:28:53.3633,0.436,0.631,0.491,0.677,0.404
0727-365,07:29:5.41714352,-36:39:45.2502607,0.627,0.742,0.468,0.403,0.350
0727-115,07:30:19.112472,-11:41:12.600480,3.876,6.218,4.122,3.515,2.169
0728-235,07:31:06.6670,-23:41:47.827,1.341,1.238,1.099,0.720,0.373
0729-222,07:31:31.5143,-22:24:21.088,1.869,0.953,0.356,0.200,0.079
0729+019,07:32:22.7885,01:50:35.380,0.313,0.294,0.182,0.146,0.060
0731-465,07:32:44.30848,-46:40:17.2085,0.853,0.591,0.286,0.156,0.095
0731+050,07:33:57.4605,04:56:14.505,0.421,0.667,0.698,0.716,0.577
J0734-7711,07:34:43.41919,-77:11:13.4880,0.143,0.164,0.167,0.117,0.103
0733-174,07:35:45.812488,-17:35:48.502230,2.448,1.379,0.545,0.278,0.085
0736-332,07:38:16.949004,-33:22:12.77880,0.783,0.663,0.152,0.044,0.015
0736-303,07:38:19.7921,-30:25:04.886,0.836,0.421,0.092,0.028,0.022
0736-063,07:38:57.175504,-06:26:58.056540,1.454,0.791,0.440,0.234,0.083
0736+017,07:39:18.033894,01:37:04.618030,1.129,1.454,1.736,1.120,1.516
0738-246,07:40:14.7190,-24:44:36.713,0.552,0.473,0.347,0.240,0.154
J0741-4709,07:41:45.24545,-47:09:25.9977,0.214,0.415,0.395,0.645,0.186
0742-56,07:43:20.48419,-56:19:32.9633,0.505,0.684,0.634,0.436,0.316
0741-063,07:44:21.6605,-06:29:35.888,6.179,2.749,0.795,0.308,0.079
0743-006,07:45:54.082313,-00:44:17.539800,1.300,2.324,1.482,0.801,0.448
0744-158,07:46:18.2355,-15:55:34.472,0.293,0.231,0.297,0.235,0.180
J0746-5618,07:46:58.22478,-56:18:32.5318,0.077,0.135,0.089,0.063,0.123
0745-330,07:47:19.68323,-33:10:46.9720,0.834,0.986,2.057,1.854,1.722
0745-165,07:48:03.0880,-16:39:50.160,0.974,0.891,0.598,0.444,0.364
J0748-5258,07:48:12.67198,-52:58:31.7640,0.245,0.173,0.089,0.050,0.160
0748-440,07:49:42.2556,-44:12:29.519,1.240,0.330,0.044,0.010,0.021
0748+019,07:51:02.2822,01:52:15.758,0.141,0.096,0.080,0.060,0.080
0754+100,07:57:06.642936,09:56:34.852100,0.881,1.100,1.244,1.401,0.734
0757-737,07:57:14.066,-73:53:09.45,0.601,0.359,0.182,0.097,0.154
0759-283,08:01:46.4948,-28:31:06.886,0.193,0.207,0.174,0.119,0.050
0801+044,08:03:56.4444,04:21:02.724,0.365,0.319,0.185,0.128,0.147
0802-276,08:04:51.451191,-27:49:11.320180,0.783,0.737,0.456,0.418,0.239
0804-267,08:06:12.722573,-26:52:33.307830,0.557,0.525,0.495,0.296,0.389
J0806-6101,08:06:49.30252,-61:01:29.9652,0.227,0.212,0.209,0.145,0.182
0805-077,08:08:15.536036,-07:51:09.886340,1.168,0.994,1.506,1.575,1.493
0805+053,08:08:38.8478,05:14:39.941,0.110,0.171,0.092,0.070,0.354
0808+019,08:11:26.707322,01:46:52.220020,0.532,1.076,1.026,0.863,1.077
J0812-7420,08:12:30.97324,-74:20:13.4302,0.350,0.126,0.071,0.021,0.026
0812-354,08:14:14.64,-35:38:25.70,0.711,0.360,0.124,0.062,0.091
0812-029,08:15:27.8340,-03:08:26.847,0.993,0.156,0.013,-0.022,0.024
J0817-4809,08:17:11.24621,-48:09:20.0238,0.096,0.082,0.085,0.071,0.021
0816+054,08:18:56.2370,05:17:37.274,0.296,0.221,0.164,0.129,0.104
0818-128,08:20:57.447616,-12:58:59.169490,0.922,0.748,0.593,0.454,0.733
J0820-5705,08:20:58.76330,-57:05:33.4013,0.271,0.147,0.017,0.033,0.010
J0823-4501,08:23:26.85410,-45:01:45.7826,0.213,0.154,0.085,0.083,0.056
0823-500,08:25:26.869,-50:10:38.49,6.093,2.849,0.694,0.249,0.107
0823+033,08:25:50.338355,03:09:24.520140,1.379,1.791,2.107,1.917,1.706
0823-223,08:26:01.572909,-22:30:27.202110,0.927,1.530,1.286,1.078,1.869
0825-202,08:27:17.2081,-20:26:21.716,1.501,0.646,0.146,0.042,0.041
0826-373,08:28:4.78020406,-37:31:6.2811139,1.875,1.434,1.011,0.786,0.962
0829+046,08:31:48.876955,04:29:39.085340,0.577,0.924,0.646,0.711,0.776
J0832-4846,08:32:13.00468,-48:46:54.7551,0.169,0.149,0.116,0.082,0.051
0830+040,08:33:18.9134,03:50:32.356,0.423,0.312,0.326,0.289,0.394
J0833-7305,08:33:43.14144,-73:05:26.2044,0.262,0.217,0.244,0.042,0.265
0833-450,08:35:20.655175,-45:10:35.153252,0.371,0.026,0.001,0.002,0.010
J0835-5953,08:35:29.02204,-59:53:10.9198,0.065,0.298,0.527,0.518,0.729
0834-201,08:36:39.215215,-20:16:59.503500,2.527,2.070,1.880,1.110,1.077
0834-196,08:37:11.1820,-19:51:56.810,3.465,1.443,0.405,0.147,0.100
0837+035,08:39:49.195829,03:19:53.858020,0.740,0.610,0.338,0.212,0.193
0837+012,08:39:49.610999,01:04:26.735700,0.583,0.535,0.601,0.490,0.799
0842-754,08:41:27.034883,-75:40:27.87324,0.948,,,,
0841-60,08:42:26.56101,-60:53:50.4044,0.639,0.994,0.907,1.144,1.538
0843-54,08:45:02.48216,-54:58:08.5449,0.767,0.703,0.638,0.513,0.703
J0845-6527,08:45:11.33544,-65:27:23.1654,0.192,0.411,0.229,0.126,0.080
0842+048,08:45:17.1444,04:39:47.361,0.560,0.697,0.589,0.473,0.675
J0845-5555,08:45:49.67921,-55:55:26.7467,0.252,0.341,0.357,0.377,0.553
0843-259,08:46:00.733855,-26:10:54.155700,1.605,0.605,0.120,0.039,0.010
J0851-5228,08:51:55.84860,-52:28:12.7847,0.404,0.529,0.283,0.257,0.294
J0851-5441,08:51:57.93078,-54:41:33.7599,0.443,0.131,0.120,0.096,0.073
J0852-5755,08:52:38.72534,-57:55:29.8132,0.955,0.870,0.641,0.613,0.626
0850-206,08:53:00.2659,-20:47:28.094,0.793,0.237,0.038,0.005,0.004
0851+071,08:53:48.1908,06:54:47.227,0.955,0.965,0.970,0.762,0.682
0851+075,08:54:35.0369,07:20:24.137,0.145,0.147,0.225,0.145,0.199
J0855-7149,08:55:11.76989,-71:49:06.4571,0.342,0.457,0.480,0.322,0.288
J0857-7719,08:57:42.62745,-77:19:31.8249,0.302,0.069,0.052,0.045,0.048
0858-279,09:00:40.0390,-28:08:20.350,1.540,1.375,0.601,0.511,0.091
J0901-6636,09:01:15.50953,-66:36:33.2595,0.130,0.133,0.117,0.090,0.126
0859-140,09:02:16.830907,-14:15:30.875380,2.348,1.405,0.754,0.478,0.502
0906-682,09:06:52.44,-68:29:39.8,1.210,0.400,0.090,0.018,0.031
0906-47,09:08:42.308,-47:36:51.15,0.735,0.450,0.200,0.160,0.150
0906+015,09:09:10.091597,01:21:35.617650,1.386,1.888,1.694,1.366,1.949
J0909-7445,09:09:20.94498,-74:45:08.1478,0.201,0.319,0.241,0.157,0.116
0907+022,09:09:39.8481,02:00:05.268,0.107,0.183,0.083,0.081,0.206
0912+029,09:14:37.913450,02:45:59.245970,0.625,0.488,0.597,0.537,1.016
0913+003,09:15:51.6955,00:07:13.304,0.352,0.247,0.168,0.115,0.122
J0919-5340,09:19:44.03890,-53:40:06.4446,0.621,0.541,0.418,0.269,0.239
0918+082,09:21:01.0648,08:05:05.671,0.072,0.127,0.103,0.089,0.217
0919-260,09:21:29.353874,-26:18:43.386040,1.668,1.866,1.687,1.670,1.078
J0921-8209,09:21:42.69727,-82:09:36.2200,0.118,0.159,0.125,0.005,0.289
0920-397,09:22:46.418268,-39:59:35.067510,2.128,1.755,1.252,0.856,1.863
J0923-6648,09:23:47.52144,-66:48:37.1309,0.169,0.182,0.151,0.117,0.144
0922+005,09:25:07.815028,00:19:13.933410,0.919,0.913,0.651,0.390,0.332
0925-203,09:27:51.824323,-20:34:51.232660,0.897,0.777,1.336,1.121,0.379
0928+008,09:30:52.2542,00:34:58.941,0.280,0.201,0.166,0.188,0.281
J0931-6229,09:31:27.56030,-62:29:35.6578,0.469,0.317,0.169,0.133,0.108
J0932-6419,09:32:16.08028,-64:19:17.4321,0.362,0.175,0.098,0.057,0.036
0932+094,09:35:13.6411,09:15:07.813,0.167,0.153,0.135,0.130,0.179
J0938-6556,09:38:41.84705,-65:56:13.3116,0.113,0.214,0.149,0.085,0.044
0939-608,09:40:47.35921,-61:07:28.3796,0.556,1.284,1.235,1.137,1.327
J0942-7731,09:42:42.75220,-77:31:11.8475,0.252,0.264,0.306,0.284,0.604
0941-080,09:43:36.944364,-08:19:30.812400,2.200,1.113,0.354,0.157,0.028
0945-321,09:48:09.51255,-32:23:47.4391,0.456,0.335,0.168,0.111,0.055
0946+006,09:48:57.3209,00:22:25.563,0.148,0.415,0.466,0.555,0.560
J0953-6924,09:53:20.50192,-69:24:24.6268,0.129,0.132,0.086,0.057,0.111
0956-40,09:58:38.287,-41:10:33.37,0.567,0.439,0.286,0.210,0.098
0959-443,10:01:59.908051,-44:38:00.603130,0.255,0.447,0.407,0.232,0.082
J1002-7008,10:02:21.76075,-70:08:16.2441,0.381,0.271,0.219,0.164,0.215
1004-50,10:06:14.013,-50:18:13.43,0.559,0.501,1.118,1.378,1.194
1004-018,10:07:04.349917,-02:07:10.917720,0.537,0.631,0.562,0.412,0.227
J1007-5356,10:07:21.28815,-53:56:41.6724,0.391,0.204,0.088,0.054,0.037
1005+077,10:08:00.0160,07:30:16.552,4.327,0.936,0.239,0.094,0.226
1005+066,10:08:00.816171,06:21:21.215060,0.287,0.308,0.415,0.177,0.317
1008+066,10:11:00.3600,06:24:40.200,1.685,0.355,0.053,0.016,0.194
1012-44,10:14:50.35493756,-45:08:41.1543310,0.742,0.668,0.794,0.634,0.480
1013+054,10:16:03.136474,05:13:02.340380,0.186,0.186,0.313,0.281,0.179
J1017-5224,10:17:17.33920,-52:24:47.3630,0.284,0.260,0.130,0.092,0.090
1015-314,10:18:09.2675,-31:44:13.983,2.750,1.322,0.460,0.210,0.087
1015+057,10:18:27.848293,05:30:29.961330,0.242,0.195,0.279,0.130,0.267
1016-311,10:18:28.75349660,-31:23:53.8499603,0.478,0.481,0.506,0.544,0.542
J1019-6047,10:19:53.50256,-60:47:48.3392,0.383,0.420,0.424,0.369,0.419
1018-426,10:20:03.3547,-42:51:41.536,2.112,0.657,0.047,0.015,0.023
1022-66,10:23:43.53312417,-66:46:48.7184771,0.903,0.896,0.726,0.553,0.340
1021-006,10:24:29.586611,-00:52:55.497850,0.781,0.595,0.232,0.092,0.156
J1028-6441,10:28:03.54980,-64:41:16.2182,0.157,0.146,0.152,0.174,0.176
1025+031,10:28:20.401279,02:55:22.471330,0.228,0.251,0.274,0.224,0.173
1026+055,10:29:21.8307,05:19:38.756,0.190,0.147,0.141,0.094,0.205
1030-340,10:33:13.0866,-34:18:45.424,0.810,0.229,0.027,0.005,0.038
1032-199,10:35:02.155274,-20:11:34.359750,1.083,0.963,0.805,0.574,0.344
J1036-5047,10:36:43.97307,-50:47:43.3254,0.370,0.248,0.196,0.158,0.257
1034-293,10:37:16.079734,-29:34:02.813220,1.413,1.438,1.570,1.640,1.533
1035+046,10:37:39.3399,04:24:01.749,0.209,0.234,0.199,0.172,0.250
1036-697,10:38:28.56,-70:03:08.9,1.673,0.605,0.139,0.048,0.009
1036-52,10:38:40.65663,-53:11:43.2686,0.889,1.521,1.174,0.847,0.789
1036+054,10:38:46.7803,05:12:29.096,0.887,0.891,1.518,0.632,0.227
1036-154,10:39:06.705086,-15:41:06.691840,0.354,0.485,0.437,0.489,0.216
1038+064,10:41:17.162504,06:10:16.923780,1.221,1.470,1.126,0.997,0.204
J1041-6431,10:41:17.24626,-64:31:02.0401,0.342,0.435,0.210,0.284,0.467
1039+029,10:41:38.8819,02:42:30.816,0.596,0.413,0.164,0.083,0.174
1039-47,10:41:44.64947,-47:40:00.0641,1.697,2.072,1.943,1.337,0.731
1041-45,10:43:51.420,-45:30:09.76,0.592,0.619,0.180,0.067,0.011
1042+071,10:44:55.911239,06:55:38.262770,0.349,0.254,0.289,0.225,0.178
1042-594,10:45:03.591,-59:41:04.26,0.006,0.452,0.086,,
1045-62,10:47:42.951,-62:17:14.53,1.089,1.393,1.594,1.398,1.239
1045-188,10:48:06.620606,-19:09:35.726950,1.269,1.275,1.942,1.487,0.818
1045+011,10:48:07.7454,00:55:43.478,0.341,0.345,0.196,0.209,0.161
J1048-4639,10:48:18.00845,-46:39:17.4576,0.447,0.367,0.269,0.206,0.305
1046-409,10:48:38.2710,-41:14:00.080,0.250,0.229,0.227,0.248,0.392
J1050-7254,10:50:45.24979,-72:54:32.3103,0.038,0.073,0.055,0.031,0.031
1048-47,10:50:53.40334,-47:19:04.5545,0.753,0.622,0.377,0.227,0.185
1048-313,10:51:04.778,-31:38:14.31,0.987,0.788,0.412,0.247,0.127
1049-53,10:51:09.09981,-53:44:46.5397,0.739,0.722,0.563,0.405,0.459
J1053-5546,10:53:51.61876,-55:46:50.1764,0.221,0.207,0.214,0.171,0.237
J1055-5413,10:55:17.20816,-54:13:31.6394,0.415,0.050,0.071,0.088,0.049
1055-242,10:57:55.410047,-24:33:48.871750,0.870,0.555,0.270,0.176,0.092
1055+018,10:58:29.605209,01:33:58.823720,3.656,5.376,5.451,7.389,5.082
1057-797,10:58:43.311,-80:03:54.16,1.057,1.449,1.854,1.775,3.374
J1100-4249,11:00:50.31787,-42:49:13.2993,0.155,0.279,0.208,0.130,0.124
1059-63,11:01:54.37912,-63:25:22.5975,1.164,0.929,0.965,0.691,0.546
J1102-4404,11:02:04.83613,-44:04:22.8403,0.461,0.541,0.709,0.645,1.003
J1103-5626,11:03:15.38502,-56:26:35.5514,0.199,0.148,0.108,0.092,0.181
1101-325,11:03:31.526418,-32:51:16.691690,0.237,0.302,0.256,0.216,0.346
1101-536,11:03:52.221639,-53:57:00.69607,0.552,0.414,0.570,0.480,0.816
1103-208,11:06:22.3200,-21:08:59.642,1.001,0.342,0.051,0.009,0.111
1104-445,11:07:08.695,-44:49:07.62,2.271,2.716,2.337,1.846,2.527
1105-680,11:07:12.695,-68:20:50.73,0.974,1.237,0.800,0.531,0.318
J1108-4329,11:08:32.21090,-43:29:40.0945,0.096,0.104,0.070,0.071,0.054
J1109-4815,11:09:18.86421,-48:15:19.2669,0.145,0.274,0.164,0.217,0.489
1109-56,11:12:07.267,-57:03:39.73,0.858,0.747,0.627,0.458,0.400
1110-217,11:12:49.848703,-21:58:29.351860,1.129,0.644,0.255,0.153,0.161
1113+087,11:16:09.9728,08:29:22.023,0.151,0.212,0.200,0.317,0.212
1116-462,11:18:26.957587,-46:34:15.00077,1.424,1.483,1.333,1.085,0.882
1116-027,11:19:25.3000,-03:02:51.320,0.890,0.162,0.021,0.001,0.199
1117-248,11:20:09.120788,-25:08:07.608300,1.340,0.643,0.173,0.031,0.165
1118+073,11:20:38.4439,07:04:47.158,0.332,0.256,0.200,0.125,0.266
1120+057,11:23:09.1206,05:30:20.774,1.051,0.336,0.043,0.029,0.212
J1123-6417,11:23:19.41573,-64:17:36.1959,0.137,0.248,0.486,0.458,0.684
J1123-5334,11:23:54.33144,-53:34:17.1328,0.062,0.074,0.084,0.081,0.109
1123-351,11:25:52.93,-35:23:43.00,0.058,0.061,0.049,0.042,0.056
1124-186,11:27:04.392448,-18:57:17.441660,0.830,1.258,1.397,2.193,2.232
1127-145,11:30:07.052580,-14:49:27.388160,4.539,4.151,3.391,1.716,1.555
1128+090,11:30:35.9503,08:46:43.088,0.273,0.336,0.296,0.223,0.140
1128-047,11:31:30.516732,-05:00:19.657360,0.704,0.767,0.824,0.684,0.361
1129-58,11:31:43.287,-58:18:53.33,0.624,1.234,1.192,0.636,0.312
J1132-5606,11:32:16.41525,-56:06:44.7309,0.399,0.594,0.612,0.704,0.966
1130+008,11:32:45.6189,00:34:27.821,0.341,0.244,0.148,0.118,0.172
1130+005,11:33:03.0298,00:15:48.981,0.368,0.322,0.269,0.222,0.153
1130+009,11:33:20.055797,00:40:52.837200,0.393,0.312,0.284,0.226,0.157
1133-681,11:36:02.09920,-68:27:05.8189,1.604,1.166,0.853,0.654,0.540
1136-135,11:39:10.702580,-13:50:43.639870,0.430,0.163,0.340,0.341,0.216
1140-114,11:42:35.0059,-11:41:47.838,0.695,0.180,0.028,0.007,0.206
1142+052,11:45:21.3159,04:55:26.699,0.424,0.330,0.234,0.225,0.143
1142-225,11:45:22.046820,-22:50:31.342980,0.717,0.668,0.531,0.378,0.194
J1145-4836,11:45:31.04249,-48:36:10.0455,0.269,0.329,0.402,0.564,0.646
1143-245,11:46:08.103374,-24:47:32.896810,1.443,1.228,0.620,0.320,0.121
1143-287,11:46:26.188639,-28:59:18.504680,0.361,0.575,0.574,0.638,0.906
1143-332,11:46:28.4520,-33:28:42.660,0.408,0.244,0.261,0.276,0.450
1144-379,11:47:01.371,-38:12:11.02,1.954,1.909,1.924,1.608,2.690
J1147-6753,11:47:33.40066,-67:53:41.7660,0.662,1.763,0.757,0.902,1.116
1145-071,11:47:51.554036,-07:24:41.141090,1.222,1.592,1.087,1.185,0.316
J1148-6745,11:48:18.14694,-67:45:38.5828,0.296,0.249,0.173,0.131,0.155
J1150-5416,11:50:33.95555,-54:16:42.3382,0.146,0.361,0.297,0.164,0.130
1148-001,11:50:43.870761,-00:23:54.204900,2.335,1.530,0.845,0.617,
1148-671,11:51:13.427,-67:28:11.10,1.912,1.532,0.542,0.262,0.095
J1152-0841,11:52:17.2095,-08:41:03.313,1.023,1.035,2.439,0.491,
J1152-8344,11:52:53.22324,-83:44:09.4358,0.122,0.152,0.137,0.122,0.378
1151-350,11:53:36.071,-35:22:32.24,0.437,0.510,0.245,0.146,0.107
J1154-6542,11:54:15.04883,-65:42:16.3770,0.113,0.162,0.296,0.290,0.197
1151-348,11:54:21.78718,-35:05:29.0763,5.191,2.804,1.021,0.519,0.454
1156-221,11:59:11.267271,-22:28:36.902200,0.886,0.512,0.291,0.224,0.160
1156+101,11:59:11.8674,09:54:47.014,0.113,0.150,0.151,0.107,0.242
1156-094,11:59:12.711685,-09:40:52.048720,0.863,0.678,0.436,0.414,0.148
1156+295,11:59:31.833911,29:14:43.826940,2.032,2.466,,,
1157-215,11:59:51.906135,-21:48:53.707610,0.613,0.770,0.360,0.225,0.120
1159-515,12:01:43.27308,-51:50:34.4753,0.297,0.466,0.104,0.035,0.013
J1204-5055,12:04:58.99318,-50:55:56.6265,0.089,0.123,0.119,0.063,0.055
1203-262,12:05:33.212335,-26:34:04.464570,0.800,0.709,0.860,0.697,0.501
1204+057,12:06:58.0281,05:29:52.266,0.337,0.254,0.163,0.136,0.137
J1207-4734,12:07:24.07101,-47:34:53.9975,0.278,0.286,0.312,0.204,0.423
J1208-7809,12:08:18.35522,-78:09:48.6142,0.194,0.201,0.163,0.129,0.406
1206-238,12:09:02.445128,-24:06:20.759560,0.650,0.937,1.419,0.792,0.956
1206-399,12:09:35.243358,-40:16:13.100240,0.377,0.369,0.139,0.094,0.069
1207-319,12:09:40.04464,-32:14:53.1072,0.278,0.290,0.260,0.380,0.099
1213-172,12:15:46.751770,-17:31:45.402890,1.740,1.669,1.524,1.097,1.217
1214-60,12:17:05.634,-61:13:25.41,0.495,0.405,0.216,0.148,0.115
1215-457,12:18:06.25070,-46:00:28.9909,3.919,2.017,0.750,0.383,0.303
1217+023,12:20:11.8851,02:03:42.221,0.315,0.519,0.328,0.702,1.133
1217-55,12:20:26.365,-56:04:42.58,0.547,0.612,0.605,0.273,0.307
J1221-4559,12:21:46.76446,-45:59:06.3919,0.385,0.319,0.370,0.270,0.242
1219+054,12:21:52.3345,05:10:16.072,0.278,0.214,0.141,0.113,0.126
J1222-6035,12:22:06.26752,-60:35:32.2823,0.209,0.554,0.275,0.293,0.242
J1222-4122,12:22:10.15820,-41:22:57.5215,0.214,0.172,0.091,0.156,0.130
1219+044,12:22:22.549618,04:13:15.776300,0.593,0.543,1.842,0.634,0.326
1221-665,12:24:31.68,-66:50:12.50,1.343,0.604,0.100,0.054,0.017
1222+037,12:24:52.421938,03:30:50.292910,0.327,0.429,0.552,0.506,0.910
1221-829,12:24:54.384,-83:13:10.11,0.671,0.585,0.497,0.347,0.477
J1225-4936,12:25:43.19676,-49:36:46.1322,0.180,0.350,0.287,0.282,0.368
J1226-4557,12:26:47.77492,-45:57:38.7833,0.150,0.393,0.397,0.260,0.251
1226+023,12:29:06.699729,02:03:08.598190,29.906,27.575,22.259,14.448,11.513
J1229-6003,12:29:26.89421,-60:03:37.0179,0.105,0.167,0.149,0.090,0.226
1228+045,12:31:27.5863,04:18:01.895,0.443,0.467,0.365,0.213,0.345
1232-416,12:35:41.958,-41:53:18.65,1.237,0.395,0.070,0.021,0.184
J1237-7235,12:37:11.73311,-72:35:31.3061,0.230,0.235,0.248,0.205,0.266
1234-504,12:37:15.238,-50:46:23.17,1.560,0.524,0.103,0.037,0.022
1235+076,12:38:02.4464,07:23:21.833,0.210,0.179,0.319,0.173,0.345
1236+077,12:39:24.588312,07:30:17.189090,0.639,0.946,1.143,0.960,1.417
1237-101,12:39:43.061498,-10:23:28.692800,1.692,1.335,0.811,0.523,0.300
1236-684,12:39:46.652,-68:45:30.89,0.609,0.521,0.358,0.345,0.398
1239-044,12:42:19.6650,-04:46:20.710,1.629,0.501,0.065,0.022,0.010
J1243-6811,12:43:45.21929,-68:11:03.4329,0.341,0.373,0.408,0.224,0.299
J1244-5213,12:44:32.98143,-52:13:00.7622,0.257,0.219,0.211,0.146,0.267
1243-412,12:45:57.639,-41:28:45.33,1.126,0.560,0.207,0.095,0.080
1243-072,12:46:04.232113,-07:30:46.574500,0.712,0.952,1.052,1.095,0.745
1244-255,12:46:46.802040,-25:47:49.288830,0.751,0.728,1.314,2.597,4.175
1245-197,12:48:23.898197,-19:59:18.587620,4.101,2.199,0.748,0.323,
J1252-6737,12:52:43.21058,-67:37:38.7418,0.491,0.647,0.533,0.538,0.465
1252+028,12:54:45.4650,02:33:28.956,0.176,0.183,0.136,0.082,0.048
J1254-6111,12:54:46.57832,-61:11:34.9674,0.336,0.344,0.305,0.260,0.426
1251-713,12:54:59.922,-71:38:18.44,1.129,1.201,1.095,0.794,0.892
J1256-6449,12:56:03.40368,-64:49:14.8139,0.395,0.247,0.203,0.157,0.350
1253-055,12:56:11.166560,-05:47:21.524580,13.083,15.593,19.009,14.103,18.344
1255-316,12:57:59.061,-31:55:16.85,1.390,2.199,1.103,1.195,0.456
1256-220,12:58:54.478780,-22:19:31.125450,0.848,0.852,1.008,0.754,
1258+087,13:00:36.4388,08:28:02.858,0.113,0.132,0.227,0.121,0.183
J1303-5540,13:03:49.21607,-55:40:31.6070,0.381,0.514,0.435,0.793,0.687
1302-102,13:05:33.015026,-10:33:19.428210,0.901,0.685,1.036,0.944,1.680
1305-668,13:08:17.37468,-67:07:05.2273,0.411,0.298,0.451,0.346,0.309
J1308-4352,13:08:22.58691,-43:52:03.7464,0.140,0.238,0.168,0.109,0.132
1306-095,13:08:39.1690,-09:50:32.680,3.376,1.890,0.666,0.102,0.319
1307+010,13:10:28.5027,00:44:08.870,0.173,0.157,0.109,0.095,0.040
1308-220,13:11:39.3347,-22:16:41.748,3.348,1.016,0.209,0.058,0.031
J1312-7724,13:12:38.75349,-77:24:13.3214,0.238,0.236,0.296,0.191,0.329
1313-333,13:16:07.986,-33:38:59.17,0.808,0.730,1.018,0.857,1.204
J1317-4522,13:17:39.61583,-45:22:19.4621,0.179,0.179,0.162,0.117,0.162
1315-46,13:18:30.064,-46:20:34.90,1.587,0.614,0.163,0.074,0.040
J1322-8419,13:22:27.52572,-84:19:34.1316,0.169,0.210,0.127,0.085,
J1322-6532,13:22:53.88821,-65:32:19.8918,0.426,0.483,0.455,0.245,0.288
1320-446,13:23:04.245395,-44:52:33.85468,2.253,0.990,0.272,0.109,0.041
1322-427,13:25:27.615544,-43:01:08.80365,5.466,4.029,8.097,7.229,17.844
J1326-5256,13:26:49.21,-52:56:23.5,0.927,0.979,1.199,1.054,2.434
J1327-4214,13:27:36.06272,-42:14:32.3188,0.224,0.182,0.122,0.092,0.058
1325-55,13:29:1.14490927,-56:08:2.6658418,0.942,0.906,0.964,0.790,1.125
J1330-7003,13:30:11.07683,-70:03:13.0779,0.377,0.598,0.786,0.434,0.917
1327-311,13:30:19.08405,-31:22:59.1355,0.559,0.630,0.213,0.239,0.099
1328+307,13:31:08.287984,30:30:32.958850,10.725,7.077,,,
1329-665,13:32:37.52734123,-66:46:50.3491764,1.980,0.713,0.214,0.091,0.057
1334-127,13:37:39.782780,-12:57:24.693230,3.363,3.462,7.019,6.341,5.862
1335-061,13:38:08.0700,-06:27:11.200,0.761,0.090,0.032,0.031,0.026
1336-260,13:39:19.890748,-26:20:30.495900,0.547,0.557,0.483,0.393,0.440
1338-58,13:42:13.497,-58:27:59.13,2.235,0.824,0.151,0.055,0.004
J1345-6936,13:45:11.85196,-69:36:51.5071,0.112,0.106,0.112,0.083,0.082
1343-300,13:45:51.513,-30:15:04.54,1.110,0.545,0.192,0.089,0.044
1344-078,13:47:01.5230,-08:03:23.840,0.763,0.235,0.027,0.019,0.005
1346-391,13:49:51.1675,-39:22:50.268,1.093,0.070,0.022,0.039,0.214
1349-145,13:51:52.649611,-14:49:14.555740,1.085,0.997,0.769,0.436,0.373
1337-875,13:52:16.27,-87:50:38.91,0.101,0.086,0.044,0.002,
J1352-4150,13:52:48.34660,-41:50:29.8122,0.158,0.125,0.104,0.083,0.110
1349-439,13:52:56.535,-44:12:40.39,0.253,0.302,0.376,0.249,0.285
J1353-8751,13:53:03.22410,-87:51:08.1489,0.465,0.317,0.178,0.120,
1351-018,13:54:06.895319,-02:06:03.190510,0.890,0.861,0.583,0.373,0.170
J1354-7353,13:54:44.90872,-73:53:41.9668,0.216,0.263,0.236,0.168,0.177
J1354-1041,13:54:46.5186,-10:41:02.656,0.473,0.781,0.774,0.785,1.296
J1355-5236,13:55:32.65015,-52:36:43.6814,0.121,0.133,0.116,0.058,0.053
1352-63,13:55:46.632,-63:26:42.62,1.274,1.266,0.861,0.583,0.713
1353-341,13:56:05.3836,-34:21:10.824,0.586,0.565,0.312,0.147,0.091
1354-174,13:57:06.074200,-17:44:01.904130,1.117,0.695,0.323,0.173,0.073
1354-152,13:57:11.244974,-15:27:28.786530,0.471,0.624,0.952,0.419,0.589
1356+022,13:59:27.1478,01:59:54.543,0.555,0.456,0.640,0.823,0.558
J1400-5604,14:00:41.77778,-56:04:55.5728,0.282,0.267,0.215,0.209,0.425
1402-012,14:04:45.895457,-01:30:21.946690,0.574,0.487,0.255,0.119,0.002
1402+044,14:05:01.119812,04:15:35.818950,0.979,0.839,0.618,0.506,0.240
J1405-6904,14:05:28.38408,-69:04:02.1538,0.365,0.265,0.170,0.133,0.135
J1407-4302,14:07:39.72102,-43:02:31.9379,0.128,0.190,0.166,0.157,0.273
J1408-5712,14:08:26.11576,-57:12:53.5261,0.189,0.179,0.164,0.183,0.331
1406-076,14:08:56.481200,-07:52:26.666330,0.199,0.988,0.918,1.205,0.883
1406-267,14:09:50.169776,-26:57:36.979720,0.492,0.633,0.641,0.332,0.265
1407+022,14:10:04.6563,02:03:06.883,0.579,0.616,0.767,0.387,0.149
1412-368,14:15:26.01634694,-37:05:26.9701647,0.433,0.436,0.301,0.215,0.143
1414-59,14:17:41.640,-59:50:37.53,0.468,0.840,1.010,0.850,0.769
1416+067,14:19:08.180173,06:28:34.803490,2.145,1.055,0.223,0.108,0.018
J1421-4820,14:21:38.64669,-48:20:22.7955,0.507,0.531,0.392,0.448,0.512
1421-490,14:24:32.23734,-49:13:49.7437,7.381,5.293,2.656,1.770,1.168
J1424-7241,14:24:52.23821,-72:41:17.0948,0.406,0.358,0.247,0.395,0.397
1422-297,14:25:29.1162,-29:59:54.331,1.474,0.558,0.200,0.050,0.019
J1427-3306,14:27:41.549,-33:05:32.01,0.224,0.454,0.888,0.659,1.871
1424-418,14:27:56.29756258,-42:06:19.4376191,4.435,4.763,3.827,3.593,6.024
1425-274,14:28:28.1931,-27:41:51.042,1.071,0.497,0.030,0.020,0.049
J1431-4501,14:31:00.50130,-45:01:01.4942,0.415,0.346,0.200,0.147,0.219
1430-178,14:32:57.690643,-18:01:35.248850,0.737,0.522,0.530,0.399,0.251
1430-155,14:33:21.459309,-15:48:44.687310,0.569,0.945,0.603,0.368,0.164
J1433-8341,14:33:28.42917,-83:41:08.7090,0.226,0.381,0.408,0.271,0.404
1431-48,14:35:16.797,-48:21:47.76,1.649,0.994,0.373,0.178,0.168
1435-218,14:38:09.469425,-22:04:54.748090,0.608,0.663,0.766,0.876,0.346
1436-167,14:39:28.6749,-16:59:03.082,1.260,0.476,0.099,0.028,-0.001
1437-153,14:39:56.872054,-15:31:50.555240,0.349,0.298,0.349,0.330,0.171
J1442-5407,14:42:32.51221,-54:07:52.9553,0.374,0.268,0.152,0.094,0.094
1442+101,14:45:16.465213,09:58:36.072440,1.879,0.951,0.300,0.140,0.038
1443-162,14:45:53.376319,-16:29:01.619120,0.477,0.408,0.706,0.452,0.228
1445-162,14:48:15.054162,-16:20:24.548880,1.336,1.129,0.380,0.339,0.356
1446+042,14:48:50.361088,04:02:19.892730,0.298,0.366,0.263,0.179,0.157
1448+093,14:50:31.168946,09:10:27.955220,0.216,0.139,0.376,0.153,0.503
J1450-5614,14:50:35.06693,-56:14:52.8320,0.269,0.262,0.200,0.153,0.191
1450-338,14:54:02.47340,-34:00:57.2137,0.930,0.591,0.253,0.149,0.146
1451-375,14:54:27.409764,-37:47:33.144830,0.864,0.851,0.936,0.836,1.069
1451-400,14:54:32.913,-40:12:32.51,0.759,0.561,0.292,0.434,0.241
J1456-5618,14:56:04.22170,-56:18:37.3929,0.221,0.208,0.158,0.125,0.124
J1457-4248,14:57:13.00348,-42:48:36.6799,0.109,0.098,0.094,0.131,0.099
1455+080,14:57:38.128708,07:49:54.714990,0.105,0.147,0.052,0.078,0.109
1456+044,14:58:59.356206,04:16:13.820570,0.507,0.237,0.272,0.227,0.299
1456-367,14:59:15.76376,-36:55:47.9374,1.162,0.685,0.234,0.114,0.073
1458-391,15:01:34.75804,-39:18:39.4346,1.892,1.198,0.365,0.154,0.065
J1504-4248,15:04:06.38942,-42:48:20.7463,0.308,0.212,0.221,0.182,0.295
1502+036,15:05:06.477161,03:26:30.812610,0.437,0.630,0.392,0.453,0.737
1504-166,15:07:04.786960,-16:52:30.267340,1.457,0.928,0.854,0.759,0.778
1505+044,15:07:59.7320,04:15:11.978,0.175,0.166,0.151,0.061,0.232
1505-49,15:08:38.942,-49:53:02.42,0.756,0.797,0.979,0.749,0.841
1508-055,15:10:53.591431,-05:43:07.417180,2.760,1.786,0.951,0.573,0.550
J1511-5203,15:11:08.92607,-52:03:47.2505,0.243,0.258,0.153,0.086,0.118
1509+054,15:11:41.2652,05:18:09.264,0.203,0.860,0.515,0.297,0.114
1510-089,15:12:50.532939,-09:05:59.829500,3.180,5.906,6.627,5.574,3.083
J1513-4221,15:13:30.62182,-42:21:56.1044,0.180,0.289,0.355,0.262,0.403
1511-100,15:13:44.893444,-10:12:00.264350,0.646,1.592,1.768,1.041,0.994
1511-210,15:13:56.970129,-21:14:57.506900,0.319,0.249,0.335,0.094,0.121
1512+030,15:14:34.7340,02:52:48.493,0.126,0.223,0.189,0.162,0.167
1511-47,15:14:40.015,-47:48:30.03,0.408,0.748,0.660,0.600,0.659
1511-55,15:15:12.656,-55:59:33.15,1.383,1.502,0.927,1.446,0.605
1514+004,15:16:40.219072,00:15:01.908960,0.625,0.920,1.179,0.997,1.058
1514-241,15:17:41.813132,-24:22:19.475940,2.346,2.451,2.804,2.022,1.888
1518+045,15:21:22.543597,04:20:30.133630,0.223,0.216,0.221,0.191,0.271
1519-273,15:22:37.67598728,-27:30:10.7854811,1.080,1.748,1.118,0.618,0.715
1520-58,15:24:51.12281,-59:03:39.7193,0.408,0.377,0.349,0.443,0.297
1524-136,15:26:59.440733,-13:51:00.163560,2.016,1.149,0.476,0.218,0.104
J1531-5108,15:31:43.72095,-51:08:59.7325,0.375,0.278,0.181,0.431,0.494
J1533-6837,15:33:34.48787,-68:37:19.6509,0.252,0.237,0.242,0.176,0.238
J1534-5351,15:34:20.66027,-53:51:13.4246,0.698,1.169,1.234,0.982,1.017
1532+016,15:34:52.453675,01:31:04.206570,0.723,0.887,0.718,0.603,0.554
J1535-4730,15:35:52.24098,-47:30:22.9795,0.303,0.799,0.408,0.571,0.364
J1538-6525,15:38:11.91520,-65:25:51.1963,0.215,0.195,0.107,0.103,0.072
1535+004,15:38:15.953081,00:19:05.324150,0.495,0.347,0.233,0.139,0.081
1536+046,15:39:10.1047,04:30:51.243,0.131,0.318,0.109,0.227,0.250
1540-077,15:43:01.687567,-07:57:06.629160,1.414,0.985,0.456,0.253,0.127
1542+042,15:44:59.427327,04:07:46.357270,0.631,0.384,0.239,0.400,0.720
1543+005,15:46:09.531474,00:26:24.614080,1.311,0.881,0.430,0.261,0.180
J1546-6837,15:46:44.34116,-68:37:29.8578,0.176,0.141,0.240,0.136,0.329
J1548-6401,15:48:30.39693,-64:01:34.7927,0.371,0.286,0.424,0.299,0.494
1546+027,15:49:29.436847,02:37:01.163470,0.906,2.828,1.354,2.982,4.653
1548+056,15:50:35.269240,05:27:10.448230,3.027,2.431,2.267,1.670,2.063
1540-828,15:50:59.144,-82:58:06.84,0.869,1.303,1.063,0.724,1.750
J1552-7614,15:52:20.44222,-76:14:46.9326,0.304,0.289,0.193,0.149,0.421
1550-269,15:54:02.469795,-27:04:40.233150,1.066,0.807,0.454,0.380,0.328
J1555-4522,15:55:16.39424,-45:22:38.1510,0.435,0.369,0.227,0.129,0.079
1549-790,15:56:58.871,-79:14:04.28,4.160,2.177,0.831,0.394,0.548
1555+001,15:57:51.433973,-00:01:50.413710,0.298,0.703,0.717,0.419,0.435
1555-140,15:58:21.948056,-14:09:59.050910,0.579,0.490,0.193,0.135,0.056
1554-64,15:58:50.28448028,-64:32:29.6381117,0.530,0.563,0.444,0.351,0.322
1557+032,15:59:30.972610,03:04:48.256960,0.516,0.556,0.277,0.151,0.151
1600-48,16:03:50.688,-49:04:05.74,1.375,1.121,0.686,0.464,0.264
1600-44,16:04:31.02071648,-44:41:31.9731375,1.021,0.713,0.709,1.662,1.378
1602+014,16:04:45.2917,01:17:51.222,0.654,0.079,0.116,0.125,0.029
1602-174,16:05:02.1926,-17:34:14.406,0.943,0.207,0.029,0.005,0.052
1604-333,16:07:34.76236340,-33:31:8.9135251,0.152,0.186,0.213,0.314,0.101
1606-39,16:10:21.87909,-39:58:58.3274,0.839,0.795,0.844,1.135,0.935
1614+051,16:16:37.556816,04:59:32.736630,0.493,1.309,0.823,0.340,0.233
1613-586,16:17:17.88951,-58:48:07.8604,5.804,4.467,3.157,2.023,1.632
J1617-5914,16:17:41.95749,-59:14:35.9908,0.213,0.227,0.220,0.188,0.058
1610-771,16:17:49.278,-77:17:18.46,2.748,2.390,1.704,1.447,0.608
1615+029,16:17:49.908132,02:46:43.105200,0.590,0.458,0.347,0.348,0.153
1616+063,16:19:03.687684,06:13:02.243570,0.670,0.577,0.318,0.200,0.090
1607-841,16:19:33.97,-84:18:19.1,1.026,0.287,0.071,0.026,0.031
J1619-4228,16:19:54.99960,-42:28:15.1694,0.029,0.030,0.108,0.075,0.022
1616-52,16:20:17.840,-52:09:26.55,0.279,0.340,0.304,0.256,0.097
1621+078,16:23:58.2523,07:41:30.541,0.108,0.173,0.308,0.279,0.136
1621-115,16:23:59.5170,-11:40:43.790,1.655,0.176,0.038,0.037,0.031
1621+058,16:24:07.7339,05:43:24.230,0.097,0.123,0.115,0.134,0.037
1619-680,16:24:18.438,-68:09:12.50,1.938,1.907,1.009,0.337,0.162
1622-253,16:25:46.891639,-25:27:38.326880,1.621,1.790,1.266,0.974,2.170
1622-310,16:25:55.4381,-31:08:08.341,0.973,0.251,0.255,0.159,0.085
1622-297,16:26:6.02083871,-29:51:26.9711475,2.278,2.728,3.018,2.659,1.577
1623-492,16:27:03.86,-49:23:37.44,0.003,0.003,0.008,0.001,0.002
1624-61,16:28:54.68986208,-61:52:36.3979984,1.164,0.935,0.839,0.374,0.162
J1628-49,16:28:57.70,-49:36:25.00,0.008,0.003,0.017,0.002,0.031
1625-492,16:29:23.39,-49:22:03.11,0.097,0.111,0.104,0.144,0.098
J1631-5256,16:31:07.35146,-52:56:35.7493,0.123,0.106,0.092,0.103,0.115
J1631-4345,16:31:37.93492,-43:45:25.2380,0.235,0.282,0.200,0.171,0.078
J1639-6044,16:39:25.88072,-60:44:22.0390,0.209,0.223,0.161,0.140,0.059
1633-810,16:42:57.34592790,-81:08:35.0706182,0.141,0.242,0.132,0.137,0.315
1641+074,16:44:16.3304,07:20:33.765,0.356,0.260,0.158,0.093,0.000
1643-223,16:46:04.7335,-22:27:59.903,0.948,0.254,0.058,0.024,0.002
1642-645,16:47:37.73881,-64:38:00.2735,0.469,0.649,0.392,0.485,0.373
1646+042,16:49:27.6788,04:12:03.979,0.422,0.406,0.331,0.279,0.226
1647+065,16:49:50.4911,06:26:53.444,0.345,0.340,0.234,0.275,0.091
1646-50,16:50:16.635,-50:44:48.37,1.203,1.692,0.978,1.023,1.795
1648+084,16:50:37.5622,08:24:52.241,0.144,0.170,0.164,0.285,0.110
1647-296,16:50:39.544144,-29:43:46.954940,0.471,0.765,0.763,0.524,1.353
1648+015,16:51:03.662382,01:29:23.458780,0.561,0.603,0.485,0.366,0.363
1649+063,16:52:01.3998,06:18:55.345,0.301,0.375,0.394,0.302,0.174
J1657-6121,16:57:49.00912,-61:21:37.8586,0.179,0.163,0.124,0.077,0.014
1655+077,16:58:09.011458,07:41:27.540720,1.027,1.316,1.272,0.938,1.113
1656+053,16:58:33.447350,05:15:16.444450,1.328,0.967,0.370,0.148,0.126
1656-075,16:58:44.0610,-07:39:17.629,0.969,0.841,0.528,0.249,0.130
J1659-5247,16:59:02.41386,-52:47:14.3318,0.148,0.167,0.120,0.151,0.063
1657+054,17:00:23.9556,05:22:44.088,0.155,0.229,0.183,0.135,0.074
1657-261,17:00:53.154055,-26:10:51.725110,1.350,2.204,2.011,0.898,1.281
1657-298,17:01:09.7599,-29:54:39.229,1.242,0.500,0.161,0.068,0.028
J1701-5703,17:01:27.23287,-57:03:01.9867,0.148,0.167,0.231,0.128,0.079
1657-56,17:01:44.85813758,-56:21:55.9023100,1.902,1.713,1.261,0.793,0.490
1658-62,17:03:36.54128095,-62:12:40.0089283,0.651,0.743,1.055,1.693,0.381
J1703-6511,17:03:50.45352,-65:11:06.3292,0.213,0.210,0.218,0.080,0.129
J1704-5751,17:04:18.06371,-57:51:01.6017,0.195,0.257,0.186,0.148,0.068
1705+018,17:07:34.415277,01:48:45.699230,0.540,1.009,0.794,0.714,0.279
1706+006,17:08:44.6472,00:35:09.500,0.558,0.331,0.271,0.371,0.323
1706-174,17:09:34.345380,-17:28:53.364800,0.625,0.754,0.691,0.384,0.276
J1711-5028,17:11:40.99293,-50:28:17.4079,0.107,0.079,0.084,0.059,0.105
1709-281,17:12:57.0055,-28:09:33.056,2.495,0.660,0.095,-0.003,-0.010
1710-269,17:13:31.2756,-26:58:52.523,1.076,1.119,0.739,0.609,0.299
J1713-3706,17:13:44.63,-37:06:11.3,0.410,0.121,0.001,-0.002,
1711-251,17:14:47.8570,-25:14:35.144,1.786,0.614,0.149,0.052,0.011
J1716-6045,17:16:55.85125,-60:45:44.6688,0.249,0.151,0.126,0.049,0.067
J1717-5702,17:17:02.05988,-57:02:16.8480,0.195,0.240,0.265,0.178,0.226
J1717-5155,17:17:34.69203,-51:55:31.9248,0.299,0.380,0.472,0.559,0.700
1714-336,17:17:36.0300,-33:42:08.764,0.787,1.084,0.625,0.725,1.714
1714-397,17:17:38.5977,-39:48:52.586,2.115,1.071,0.498,0.265,0.153
J1718-5815,17:18:37.79497,-58:15:39.8772,0.162,0.161,0.108,0.115,0.098
J1718-6239,17:18:58.35929,-62:39:45.7913,0.285,0.249,0.135,0.130,0.045
1716+070,17:19:10.9335,06:58:15.745,0.330,0.447,0.298,0.256,0.190
1717+083,17:19:52.206219,08:17:03.553930,0.275,0.599,0.275,0.137,0.036
1717-358,17:20:21.8042,-35:52:47.708,0.027,0.062,0.504,0.264,0.553
J1721-6154,17:21:39.01729,-61:54:43.0217,0.279,0.332,0.455,0.295,0.144
1718-649,17:23:41.029,-65:00:36.61,4.874,4.738,2.218,1.425,0.729
J1723-7713,17:23:50.84518,-77:13:50.5438,0.381,0.432,0.904,0.576,1.490
J1724-5911,17:24:49.67857,-59:11:25.0189,0.225,0.227,0.152,0.122,0.056
J1726-7259,17:26:01.11219,-72:59:59.9921,0.422,0.375,0.283,0.291,0.041
1724+066,17:26:44.9455,06:39:18.503,0.217,0.199,0.157,0.105,0.092
1722-55,17:26:49.615,-55:29:40.60,4.711,1.826,0.275,0.088,0.010
1722-64,17:26:57.813,-64:27:52.79,2.760,1.068,0.241,0.084,0.007
1725+044,17:28:24.952716,04:27:04.914010,0.628,0.708,0.723,0.687,0.373
1728+004,17:30:34.9985,00:24:38.673,0.375,0.500,0.659,0.308,0.782
J1732-5553,17:32:28.24887,-55:53:51.4106,0.134,0.156,0.144,0.096,0.006
1730-130,17:33:02.705790,-13:04:49.548230,4.524,4.246,4.450,3.760,3.250
1729-37,17:33:15.19258832,-37:22:32.3967707,0.986,1.133,1.614,1.383,1.121
1732+094,17:34:58.376995,09:26:58.260060,1.434,0.924,0.283,0.103,-0.003
J1735-6215,17:35:07.92806,-62:15:21.5302,0.445,0.367,0.348,0.269,0.245
1734+063,17:37:13.729042,06:21:03.572370,0.526,0.522,0.419,0.470,0.197
J1737-5921,17:37:19.67547,-59:21:41.8898,0.286,0.415,0.390,0.292,0.164
J1738-5334,17:38:38.79100,-53:34:10.0184,0.175,0.192,0.117,0.101,0.016
J1739-4137,17:39:05.50716,-41:37:44.1243,0.818,0.516,0.263,0.156,0.082
1740-309,17:43:17.8801,-30:58:17.697,0.305,0.271,0.174,0.096,0.066
J1743-6626,17:43:49.04258,-66:26:28.3333,0.184,0.217,0.215,0.136,0.180
1741-038,17:43:58.856137,-03:50:04.616680,2.627,3.694,4.315,3.602,3.930
1741-312,17:44:23.5826,-31:16:35.986,0.634,0.755,0.816,0.719,0.412
1740-517,17:44:25.45534,-51:44:43.7611,6.469,4.111,1.436,0.655,0.033
1742-078,17:45:27.1040,-07:53:03.600,1.019,1.917,1.596,1.024,1.171
1742-289,17:45:40.0383,-29:00:28.069,0.049,0.825,0.901,1.362,3.880
J1747-4057,17:47:05.67297,-40:57:50.7201,0.269,0.227,0.192,0.136,0.127
1743-531,17:47:20.19836,-53:10:20.3310,0.456,0.460,0.275,0.242,0.390
J1747-4213,17:47:41.42692,-42:13:43.0726,0.120,0.118,0.083,0.062,0.109
1745+085,17:48:06.2607,08:32:19.282,0.177,0.182,0.108,0.093,0.010
J1748-5713,17:48:34.57352,-57:13:33.4595,0.183,0.216,0.168,0.124,0.073
J1749-6258,17:49:25.71059,-62:58:18.9512,0.068,0.223,0.234,0.373,0.146
1749+096,17:51:32.818573,09:39:00.728510,2.415,2.674,3.139,4.077,3.002
1748-253,17:51:51.263047,-25:24:00.060610,0.815,0.389,0.117,0.053,-0.004
J1753-5015,17:53:38.53457,-50:15:14.4487,0.121,0.200,0.220,0.182,0.138
J1755-5536,17:55:05.18996,-55:36:55.0818,0.188,0.368,0.256,0.240,0.161
1752-225,17:55:26.2847,-22:32:10.593,0.307,0.339,0.271,0.169,0.129
J1757-4149,17:57:15.67121,-41:49:18.6834,0.359,0.369,0.319,0.309,0.246
1757-240,18:00:30.427,-24:04:01.47,0.261,0.442,1.358,0.325,
1756-663,18:01:18.092,-66:23:01.80,1.217,0.478,0.127,0.044,-0.028
J1801-6839,18:01:34.70473,-68:39:57.8655,0.459,0.373,0.170,0.028,-0.004
J1802-4925,18:02:09.85037,-49:25:11.4957,0.452,0.391,0.245,0.209,0.082
1759-39,18:02:42.669,-39:40:07.97,1.457,1.861,1.612,1.467,1.927
1758-651,18:03:23.497,-65:07:36.76,0.852,0.960,0.948,0.732,0.873
1801+095,18:03:33.6521,09:34:25.910,0.142,0.122,0.116,,0.083
1801+036,18:03:56.2829,03:41:07.575,0.281,0.318,0.336,0.290,0.438
1801+010,18:04:15.984606,01:01:32.407340,0.845,0.957,0.911,0.577,
J1805-6600,18:05:53.09361,-66:00:16.5614,0.250,0.167,0.154,0.164,0.081
J1806-7058,18:06:23.68525,-70:58:28.7597,0.394,0.400,0.232,0.131,0.005
J1806-8042,18:06:42.83115,-80:42:33.6008,0.276,0.240,0.239,0.234,0.857
1804-251,18:07:40.6899,-25:06:25.906,0.247,0.269,0.251,0.187,0.174
J1807-6413,18:07:54.03566,-64:13:50.1131,0.221,0.280,0.290,0.240,0.383
1808-209,18:11:06.8000,-20:55:03.444,0.685,0.303,0.079,0.035,0.159
1810-068,18:12:50.941918,-06:48:23.853810,1.088,0.748,0.249,0.151,0.295
1811+062,18:13:33.4119,06:15:42.025,0.284,0.411,0.287,,0.381
1814-519,18:18:06.50,-51:58:08.30,1.731,0.559,0.065,0.045,-0.002
1815-111,18:18:19.3166,-11:08:48.329,1.675,1.014,0.371,0.151,0.104
1814-637,18:19:35.002381,-63:45:48.18906,9.672,3.338,1.346,0.571,0.384
1815-553,18:19:45.400,-55:21:20.74,0.508,0.672,0.402,0.383,0.273
J1820-4542,18:20:16.97956,-45:42:30.5506,0.349,0.282,0.141,0.057,0.012
1817-098,18:20:38.1071,-09:47:17.071,0.651,0.110,0.079,0.053,0.009
1817-254,18:20:57.848685,-25:28:12.584560,1.105,0.916,0.731,0.510,0.675
J1821-7635,18:21:24.68735,-76:35:00.1477,0.483,0.341,0.169,0.108,0.221
1819-131,18:22:10.9030,-13:09:44.230,0.367,0.162,0.037,0.010,0.008
1819-096,18:22:28.7042,-09:38:56.835,4.389,1.973,0.664,0.249,0.134
1822+012,18:24:48.1427,01:19:34.171,0.159,0.260,0.239,0.178,0.283
J1825-5230,18:25:13.80947,-52:30:58.2840,0.362,0.437,0.576,0.284,0.402
1822-173,18:25:36.53243551,-17:18:49.8513660,0.448,0.410,0.247,0.135,0.109
1822-076,18:25:37.6020,-7:37:30.223,0.384,0.512,0.206,0.118,0.224
1822-36,18:26:08.127,-36:50:49.87,0.383,0.405,0.344,0.327,0.590
1823-455,18:27:10.23816,-45:33:09.9619,0.342,0.455,0.359,0.244,0.100
1824-582,18:29:12.40226430,-58:13:55.1614758,0.547,1.342,1.412,1.213,0.335
J1829-5705,18:29:27.58066,-57:05:34.1735,0.238,0.279,0.336,0.171,0.143
1827+062,18:30:05.939885,06:19:15.952480,0.426,0.456,0.863,,0.599
1827-360,18:30:58.8829,-36:02:30.132,3.493,0.839,0.048,0.019,0.010
1829-207,18:32:11.0465,-20:39:48.203,1.303,1.036,0.658,0.486,0.630
1829-106,18:32:20.83444181,-10:35:11.1709053,0.987,1.626,1.154,0.677,0.305
J1832-5659,18:32:30.97761,-56:59:20.7281,0.162,0.126,0.089,0.072,0.240
1830+074,18:32:41.989113,07:31:55.124060,0.279,0.361,0.358,,0.359
1830-210,18:33:39.9150,-21:03:40.050,10.205,6.510,3.849,6.330,2.511
1831-030,18:34:13.9273,-03:01:21.125,0.206,0.228,0.166,0.129,0.189
1831-126,18:34:19.2165,-12:37:40.945,0.377,0.147,0.026,0.006,0.004
J1834-5856,18:34:27.47349,-58:56:36.2711,0.438,0.345,0.314,0.199,0.464
1829-718,18:35:37.20516,-71:49:58.2284,1.981,0.927,0.278,0.119,-0.014
1831-711,18:37:28.716,-71:08:43.55,1.285,1.457,1.810,1.404,1.294
1836+040,18:38:48.829034,04:04:24.669270,0.525,0.615,0.576,0.410,0.687
1836+094,18:38:54.8357,09:27:27.897,0.146,0.141,0.188,,0.147
J1840-6152,18:40:15.42475,-61:52:06.1561,0.203,0.113,0.106,0.082,0.223
J1840-7709,18:40:38.60234,-77:09:28.6924,0.527,0.202,0.104,0.063,0.197
J1841-5544,18:41:17.49779,-55:44:16.9907,0.234,0.202,0.176,0.095,0.080
1844+081,18:47:12.6613,08:10:35.377,0.125,0.326,0.217,,0.190
1849+005,18:51:46.7217,00:35:32.414,0.859,0.932,0.883,0.695,0.710
1849-36,18:53:17.916,-36:28:42.37,1.078,0.647,0.191,0.079,0.012
J1856-8325,18:56:05.11546,-83:25:43.7099,0.138,0.168,0.160,0.125,0.290
1854+061,18:56:31.8386,06:10:16.754,0.182,0.303,0.325,,0.233
1853-534,18:57:00.451,-53:25:00.38,0.597,0.547,0.248,0.130,0.055
1854-663,18:59:57.94,-66:15:02.3,1.115,0.414,0.077,0.013,0.005
J1901-5139,19:01:49.00815,-51:39:08.0099,0.201,0.227,0.255,0.212,0.123
1859-235,19:02:49.2525,-23:29:52.084,2.288,0.855,0.241,0.078,0.127
J1903-6749,19:03:01.23252,-67:49:35.8572,0.208,0.267,0.373,0.243,0.499
1904+013,19:07:11.9969,01:27:08.974,0.530,0.422,0.297,0.203,0.334
J1908-4548,19:08:43.93630,-45:48:41.3030,0.107,0.136,0.160,0.125,0.094
J1910-7417,19:10:21.87642,-74:17:33.1861,0.247,0.336,0.253,0.260,0.589
1908-201,19:11:09.652893,-20:06:55.109070,2.089,2.799,1.794,1.644,2.326
1903-802,19:12:40.021,-80:10:05.94,1.037,1.046,0.928,0.748,1.528
1910+052,19:12:54.3036,05:18:01.002,0.338,0.277,0.182,,0.094
J1913-6950,19:13:31.24803,-69:50:37.5583,0.040,0.060,0.221,0.170,0.126
J1914-4631,19:14:13.81390,-46:31:31.9381,0.278,0.497,0.468,0.335,0.252
J1919-4543,19:19:16.69217,-45:43:38.5770,0.578,0.414,0.296,0.199,0.341
1916+062,19:19:17.3514,06:19:42.768,0.210,0.154,0.114,,0.090
J1923-6320,19:23:24.60605,-63:20:45.7656,0.282,0.327,0.195,0.323,0.153
1920-211,19:23:32.189815,-21:04:33.333080,1.816,1.846,1.570,1.527,2.290
1921-293,19:24:51.055957,-29:14:30.121150,7.499,7.627,8.103,6.907,6.702
1926+087,19:28:40.855498,08:48:48.413060,0.378,0.272,0.195,,0.092
1926+050,19:29:19.9475,05:07:57.596,0.482,0.505,0.305,,0.192
1925-610,19:30:06.160,-60:56:09.18,0.938,1.135,0.729,0.473,0.266
J1934-8711,19:34:25.97107,-87:11:59.4830,0.446,0.456,0.257,0.183,0.072
1933-400,19:37:16.218,-39:58:01.55,1.098,1.294,1.054,0.908,0.820
1933-587,19:37:32.37,-58:38:27.80,1.939,0.954,0.250,0.109,0.001
1936+046,19:38:30.6690,04:48:11.621,0.587,0.495,0.415,0.330,0.256
1934-638,19:39:25.026,-63:42:45.63,12.643,4.959,1.158,0.465,0.116
1936-155,19:39:26.657740,-15:25:43.058320,0.676,0.700,1.231,0.882,0.707
1937-101,19:39:57.256573,-10:02:41.521100,0.955,0.746,0.306,0.159,0.097
1935-692,19:40:25.529,-69:07:56.97,1.314,0.906,0.406,0.134,0.208
J1940-6527,19:40:38.88330,-65:27:16.4025,0.176,0.221,0.134,0.147,0.066
1938-155,19:41:15.0289,-15:24:31.309,2.474,1.220,0.330,0.065,0.033
J1941-7605,19:41:31.26222,-76:05:48.5934,0.120,0.142,0.112,0.083,0.190
1941-554,19:45:24.22874,-55:20:48.8410,0.764,0.919,0.693,0.526,0.604
J1949-6817,19:49:53.35960,-68:17:45.6358,0.052,0.099,0.278,0.089,0.085
1946-200,19:49:53.420177,-19:57:13.330400,1.584,0.869,0.338,0.205,0.585
1947+079,19:50:05.5403,08:07:13.981,1.265,1.099,0.419,,0.051
J1950-5804,19:50:37.40172,-58:04:39.7482,0.334,0.317,0.141,0.210,0.034
1950-613,19:55:10.770431,-61:15:19.13974,1.345,0.820,0.229,0.083,-0.015
1953-077,19:56:11.0910,-07:36:54.567,1.017,0.353,0.104,0.080,0.122
1953-325,19:56:59.45528,-32:25:46.0069,0.683,0.494,0.405,0.335,0.722
1954-388,19:57:59.819,-38:45:06.36,1.745,1.362,1.424,1.298,1.572
1955-357,19:59:03.68,-35:34:32.30,1.174,0.476,0.087,0.073,0.073
J1959-4246,19:59:13.27773,-42:46:07.5148,0.317,0.368,0.389,0.305,0.315
1958-179,20:00:57.090448,-17:48:57.672510,0.979,2.583,3.329,2.730,4.469
2000-330,20:03:24.117,-32:51:45.13,0.661,0.780,0.489,0.265,0.149
1959-63,20:04:29.47801,-63:47:23.3098,0.826,0.717,0.423,0.282,0.335
2002-375,20:05:55.07090504,-37:23:41.4818306,0.462,0.720,0.644,0.407,0.402
J2007-7730,20:07:06.45784,-77:30:42.2436,0.235,0.229,0.212,0.232,0.463
2004+064,20:07:11.9152,06:36:44.596,0.269,0.328,0.247,0.144,0.230
2004-447,20:07:55.18435,-44:34:44.2746,0.872,0.476,0.282,0.192,0.243
J2008-8408,20:08:24.80656,-84:08:50.4837,0.144,0.169,0.123,0.021,0.122
2005-489,20:09:25.391,-48:49:53.72,0.945,0.807,0.618,0.484,0.856
J2009-7134,20:09:29.10037,-71:34:40.1646,0.166,0.110,0.057,0.042,0.028
2008-068,20:11:14.215847,-06:44:03.555190,2.396,1.295,0.413,0.168,0.099
2008-159,20:11:15.710931,-15:46:40.253820,0.832,2.001,1.957,1.510,1.099
J2015-6712,20:15:00.10753,-67:12:59.0107,0.069,0.133,0.122,0.048,0.061
J2017-6824,20:17:29.34538,-68:24:55.0132,0.426,0.413,0.370,0.291,0.150
2015+083,20:18:11.3122,08:31:54.553,0.573,0.462,0.192,0.089,0.056
J2019-5201,20:19:04.39424,-52:01:39.4643,0.346,0.369,0.271,0.169,0.471
2016-615,20:21:01.323,-61:24:49.13,0.806,0.501,0.229,0.132,0.172
2019+050,20:21:35.2802,05:15:04.770,0.454,0.442,0.220,0.136,0.119
J2023-5812,20:23:28.10158,-58:12:25.2215,0.304,0.176,0.089,0.095,0.083
2021+003,20:24:22.7137,00:27:53.075,0.153,0.158,0.089,0.121,0.109
2022+031,20:25:09.632168,03:16:44.505300,0.463,0.462,0.379,0.352,0.462
J2027-7007,20:27:24.53416,-70:07:17.4089,0.358,0.269,0.241,0.235,0.195
J2027-4726,20:27:50.72287,-47:26:19.7303,0.220,0.194,0.152,0.119,0.300
J2029-5339,20:29:35.05532,-53:39:07.2953,0.181,0.138,0.101,0.108,0.173
J2035-6944,20:35:40.87117,-69:44:07.3483,0.078,0.243,0.259,0.068,0.047
2032-350,20:35:47.8091,-34:54:08.925,1.491,0.660,0.064,0.015,0.019
2030-689,20:35:48.87649459,-68:46:33.8414815,0.445,1.066,0.885,0.655,0.478
J2035-6602,20:35:51.52145,-66:02:07.5329,0.349,0.229,0.136,0.085,0.157
J2039-8128,20:39:17.70752,-81:28:03.1745,0.319,0.275,0.175,0.036,0.146
J2039-7206,20:39:58.07322,-72:06:56.2902,0.076,0.096,0.123,0.099,0.143
J2040-5735,20:40:01.10173,-57:35:09.6534,0.778,0.576,0.343,0.214,0.364
2037-253,20:40:08.772872,-25:07:46.662820,0.775,0.712,0.525,0.294,0.164
J2041-7515,20:41:21.44115,-75:15:36.6512,0.308,0.291,0.244,0.180,0.349
J2046-7400,20:46:57.16029,-74:00:04.1343,0.228,0.195,0.208,0.176,0.291
2044-027,20:47:10.3514,-02:36:22.152,1.722,0.909,0.354,0.168,0.165
2044-168,20:47:19.667018,-16:39:05.842580,0.545,0.365,0.171,0.094,0.075
J2049-4020,20:49:10.01512,-40:20:31.1355,0.196,0.264,0.252,0.202,0.231
2047+039,20:50:06.240603,04:07:48.890510,0.665,0.728,0.589,0.459,0.727
J2050-7622,20:50:58.10918,-76:22:51.2848,0.100,0.103,0.223,0.073,0.241
J2052-6523,20:52:06.71294,-65:23:11.4759,0.505,0.464,0.401,0.282,0.082
J2052-5533,20:52:13.68540,-55:33:10.0434,0.321,0.296,0.193,0.184,0.330
2049-368,20:52:17.49,-36:40:29.5,0.877,0.247,0.027,0.005,0.098
J2053-6255,20:53:05.66804,-62:55:50.9187,0.198,0.252,0.221,0.160,0.214
2052-474,20:56:16.35982597,-47:14:47.6278751,2.262,2.610,2.351,1.824,2.037
J2056-5820,20:56:30.56477,-58:20:07.5384,0.211,0.344,0.317,0.247,0.304
2054-377,20:57:41.603454,-37:34:02.989870,0.418,0.533,0.556,0.495,0.932
2058-297,21:01:01.659969,-29:33:27.836500,0.551,0.595,0.527,0.436,0.838
2059+034,21:01:38.834187,03:41:31.321590,0.544,0.609,1.072,1.317,1.404
2058-425,21:01:59.115,-42:19:16.16,1.109,0.602,0.233,0.105,0.118
J2105-4848,21:05:01.15809,-48:48:46.5228,0.739,1.058,0.824,0.515,0.470
2059-786,21:05:44.961,-78:25:34.54,0.684,0.649,0.620,0.386,0.391
2101-715,21:06:02.891,-71:22:18.03,0.860,0.571,0.274,0.152,0.075
2102-659,21:06:59.729,-65:47:43.55,1.026,0.601,0.317,0.206,0.277
2105-489,21:08:50.88,-48:46:21.80,0.913,0.580,0.288,0.174,0.173
J2108-6637,21:08:51.82096,-66:37:22.7456,0.208,0.162,0.118,0.088,0.219
2106-413,21:09:33.189,-41:10:20.60,0.980,0.963,0.619,0.421,0.533
2107-105,21:10:00.979002,-10:20:57.319410,1.416,1.046,0.582,0.385,0.547
2110-352,21:14:03.3425,-35:02:35.632,0.720,0.205,0.056,0.015,0.097
J2114-6851,21:14:13.40609,-68:51:02.2646,0.422,0.294,0.190,0.100,0.066
2111-259,21:14:40.0404,-25:41:48.835,0.511,0.241,0.128,0.059,0.065
J2116-5527,21:16:29.81610,-55:27:20.4460,0.261,0.428,0.256,0.132,0.116
2109-811,21:16:30.846,-80:53:55.22,0.477,1.130,1.166,1.158,1.716
2114+053,21:16:36.6354,05:36:17.055,0.165,0.184,0.129,0.167,0.091
2114+048,21:17:20.7575,05:03:04.114,0.306,0.381,0.423,0.300,0.491
2118+053,21:20:41.1823,05:33:45.009,0.210,0.395,0.370,0.121,0.470
2117-61,21:21:4.07432300,-61:11:24.6237242,0.879,0.684,0.394,0.244,0.400
2117-642,21:21:55.022869,-64:04:30.04192,1.220,0.594,0.195,0.094,0.041
2121+053,21:23:44.517391,05:35:22.093210,1.104,2.396,1.932,1.495,2.034
J2124-8147,21:24:55.23730,-81:47:11.9190,0.337,0.328,0.226,0.148,0.275
2122+044,21:25:29.2554,04:41:35.526,0.274,0.321,0.340,0.273,0.304
2126-158,21:29:12.175902,-15:38:41.040850,0.824,1.762,1.255,0.661,0.290
2126-185,21:29:21.419099,-18:21:22.790190,1.314,0.907,0.417,0.236,0.258
2127+085,21:30:16.2495,08:43:55.913,0.063,0.098,0.105,0.080,0.172
2128+048,21:30:32.877499,05:02:17.474690,3.290,1.838,0.673,0.363,0.218
J2130-4515,21:30:52.39066,-45:15:43.3324,0.112,0.324,0.269,0.166,0.203
2128-208,21:31:01.4866,-20:36:56.376,1.326,0.493,0.120,0.038,0.022
2128-123,21:31:35.261758,-12:07:04.795880,2.285,2.281,1.519,1.176,1.314
2131-021,21:34:10.309614,-01:53:17.238900,2.003,2.003,1.904,1.510,4.173
J2134-6513,21:34:13.23526,-65:13:37.1680,0.186,0.214,0.220,0.208,0.488
J2135-5006,21:35:20.15104,-50:06:51.7322,0.310,0.331,0.236,0.177,
J2135-6848,21:35:49.88285,-68:48:33.9264,0.197,0.177,0.122,0.077,0.074
J2136-6335,21:36:22.07483,-63:35:51.0380,0.240,0.341,0.283,0.211,0.145
2134+004,21:36:38.586299,00:41:54.213350,6.060,10.733,6.867,3.958,3.471
2135-209,21:37:50.0018,-20:42:31.751,2.771,1.344,0.471,0.262,0.205
2134-470,21:38:01.056,-46:46:40.06,1.117,0.641,0.242,0.104,0.095
2135-248,21:38:37.181102,-24:39:54.466150,0.878,0.745,0.505,0.424,0.428
J2141-6411,21:41:46.44121,-64:11:14.4783,0.185,0.228,0.461,0.515,0.323
2140-048,21:42:36.901689,-04:37:43.512810,0.463,0.428,0.321,0.264,0.846
2143-156,21:46:22.979340,-15:25:43.885260,0.466,0.487,0.615,0.566,0.667
J2147-7812,21:47:05.84046,-78:12:21.9096,0.375,0.364,0.471,0.442,0.717
2144+092,21:47:10.162971,09:29:46.672450,0.991,0.593,0.884,0.904,0.384
2142-758,21:47:12.730,-75:36:13.22,1.966,1.884,1.289,0.802,0.985
J2147-5526,21:47:45.15361,-55:26:23.7463,0.371,0.248,0.132,0.088,0.083
2145+067,21:48:05.458679,06:57:38.604220,3.346,3.539,3.232,3.161,4.235
2146-133,21:49:28.6525,-13:04:25.161,0.946,0.119,0.048,0.024,0.014
2147+077,21:49:35.2640,07:56:25.355,0.710,0.459,0.249,0.184,0.200
J2150-6802,21:50:13.39063,-68:02:50.4099,0.181,0.247,0.216,0.159,0.060
J2151-6409,21:51:01.21376,-64:09:07.7523,0.143,0.149,0.114,0.117,0.112
2149+069,21:51:31.429323,07:09:26.783920,0.901,1.268,0.803,0.772,0.379
2149+056,21:51:37.875501,05:52:12.954350,0.739,0.819,0.398,0.247,0.171
2149-306,21:51:55.524,-30:27:53.69,1.773,1.599,1.135,0.905,2.367
2146-783,21:52:03.155,-78:07:06.64,0.847,0.758,0.286,0.126,0.013
2149-287,21:52:03.7352,-28:28:28.218,2.268,1.150,0.407,0.151,0.157
J2157-7549,21:57:59.22472,-75:49:53.6063,0.601,0.554,0.487,0.361,0.506
2155-152,21:58:06.281901,-15:01:09.328090,4.648,4.848,4.470,3.540,2.134
J2158-4719,21:58:40.20287,-47:19:26.5536,0.336,0.131,0.109,0.063,0.019
2155-304,21:58:52.065093,-30:13:32.118420,0.345,0.353,0.397,0.367,
J2200-5520,22:00:54.66807,-55:20:07.9291,0.258,0.279,0.343,0.315,0.450
2158+029,22:01:27.5079,03:12:15.142,0.251,0.199,0.170,0.174,0.021
J2202-8338,22:02:19.23470,-83:38:11.8277,0.870,0.783,0.434,0.502,0.349
J2203-6130,22:03:59.63757,-61:30:22.0094,0.485,0.631,0.354,0.239,0.258
J2205-8653,22:05:45.86292,-86:53:47.6981,0.274,0.323,0.230,0.166,0.096
J2206-7735,22:06:44.45946,-77:35:23.7610,0.156,0.202,0.138,0.034,0.084
J2207-5707,22:07:54.00213,-57:07:36.6686,0.306,0.165,0.054,0.030,0.014
2205-636,22:08:47.24170012,-63:25:47.4874843,0.938,0.591,0.297,0.190,0.228
2210-257,22:13:02.497951,-25:29:30.079710,0.918,0.730,0.776,0.318,0.353
J2213-6330,22:13:34.76253,-63:30:01.5326,0.335,0.266,0.180,0.129,0.086
2211-388,22:14:38.569,-38:35:45.00,1.497,0.872,0.417,0.243,0.130
J2215-6609,22:15:45.29428,-66:09:13.6745,0.491,0.289,0.121,0.093,0.056
2213-456,22:16:56.09,-45:21:42.20,1.371,0.529,0.154,0.062,0.013
J2217-7044,22:17:46.73481,-70:44:53.3309,0.230,0.305,0.306,0.250,0.112
2215-508,22:18:19.025063,-50:38:41.73103,0.975,0.503,0.145,0.072,
2216-281,22:19:40.9420,-27:56:26.860,1.322,0.369,0.090,0.003,0.000
2223-052,22:25:47.259291,-04:57:01.390730,6.031,4.357,3.825,1.807,1.929
J2227-5219,22:27:08.47979,-52:19:50.9648,0.076,0.183,0.134,0.091,
J2229-6910,22:29:00.17710,-69:10:30.2761,0.608,0.693,0.685,0.638,
2226-411,22:29:18.61,-40:51:31.59,2.122,0.838,0.248,0.071,0.012
2226-386,22:29:46.897,-38:23:59.65,1.018,0.315,0.046,0.020,0.001
J2230-6310,22:30:10.33801,-63:10:43.2999,0.156,0.111,0.096,0.074,
2227-399,22:30:40.279,-39:42:52.06,0.252,0.414,0.428,0.383,0.357
J2230-4416,22:30:56.44293,-44:16:29.8914,0.553,0.546,0.541,0.453,0.299
J2231-6231,22:31:07.91858,-62:31:19.3413,0.308,0.320,0.254,0.193,
2230+114,22:32:36.408914,11:43:50.904100,5.996,4.718,3.573,,
2232-488,22:35:13.237,-48:35:58.79,1.343,1.227,1.683,1.686,1.114
J2239-5525,22:39:06.03439,-55:25:59.4084,0.191,0.228,0.182,0.112,
2239+096,22:41:49.717334,09:53:52.445290,0.417,0.651,0.373,,0.295
2240-260,22:43:26.408781,-25:44:30.687300,0.832,0.667,0.591,0.357,0.381
J2243-5656,22:43:53.21811,-56:56:19.7191,0.189,0.215,0.105,0.081,
J2246-5607,22:46:16.79167,-56:07:46.0031,0.288,0.306,0.329,0.250,
2243-123,22:46:18.231976,-12:06:51.277340,1.656,2.357,1.926,1.967,1.856
2244-372,22:47:3.91732702,-36:57:46.3038418,0.985,0.972,0.775,0.520,0.343
2245-328,22:48:38.686,-32:35:52.19,0.552,0.636,0.767,0.740,1.044
2251+158,22:53:57.747932,16:08:53.560890,13.096,15.879,48.046,33.605,13.747
2251+006,22:54:04.4071,00:54:20.965,0.525,0.543,0.355,0.278,0.245
J2254-5926,22:54:56.82855,-59:26:00.6847,0.250,0.262,0.301,0.253,
2252-089,22:55:04.239787,-08:44:04.021710,0.611,0.420,0.457,0.194,0.231
J2256-6533,22:56:24.87181,-65:33:25.6504,0.209,0.139,0.112,0.074,
2254-367,22:57:10.607977,-36:27:43.99694,1.266,1.036,0.584,0.370,0.211
2254+024,22:57:17.563087,02:43:17.511810,0.245,0.166,0.307,0.215,0.148
2255-282,22:58:05.962888,-27:58:21.256750,1.543,1.735,1.469,1.564,5.557
J2258-7014,22:58:31.56329,-70:14:39.7288,0.504,0.119,0.159,0.125,
2258+033,23:00:40.8860,03:37:10.846,0.636,0.335,0.260,0.129,0.136
2259-375,23:02:23.894778,-37:18:06.82368,1.983,0.854,0.292,0.135,0.020
J2302-4533,23:02:40.04846,-45:33:57.9924,0.416,0.181,0.125,0.106,0.128
2300-307,23:03:05.821190,-30:30:11.473180,0.446,0.275,0.151,0.087,0.036
J2303-5406,23:03:51.88991,-54:06:46.0418,0.224,0.303,0.290,0.240,
J2306-6521,23:06:59.43480,-65:21:32.4025,0.402,0.354,0.126,0.056,
2305-418,23:07:54.3358,-41:32:42.812,0.998,0.113,0.029,0.011,0.013
J2308-4557,23:08:52.83671,-45:57:56.1908,0.135,0.146,0.213,0.185,0.261
2310-417,23:12:55.626,-41:26:55.77,0.988,0.510,0.146,0.062,0.012
J2312-6607,23:12:58.84008,-66:07:31.7380,0.133,0.199,0.226,0.170,
2311-477,23:13:51.900,-47:29:11.97,0.908,0.582,0.217,0.134,0.017
2311-452,23:14:09.382794,-44:55:49.23780,1.929,1.285,0.630,0.357,0.147
2312-319,23:14:48.501,-31:38:39.52,0.622,0.581,0.518,0.404,0.221
J2315-5018,23:15:44.33026,-50:18:39.7034,0.468,0.695,1.189,1.018,0.437
2313-438,23:16:21.101,-43:37:46.76,0.934,0.608,0.338,0.210,0.150
2314+038,23:16:35.2098,04:05:18.148,2.520,0.446,0.257,0.086,0.036
2314-340,23:16:43.38641,-33:49:12.4860,0.542,0.480,0.079,0.013,0.004
2318+049,23:20:44.856598,05:13:49.952660,0.686,1.238,1.396,0.761,0.794
2318-166,23:21:01.9589,-16:23:05.187,1.539,0.493,0.148,0.060,0.025
2320+079,23:22:36.089472,08:12:01.592800,0.846,0.656,0.423,,0.105
2320-035,23:23:31.953757,-03:17:05.023800,1.110,1.283,1.594,1.303,0.798
2321-375,23:24:7.11184372,-37:14:22.4553778,0.535,0.827,0.999,0.765,0.629
2322-411,23:25:03.38079,-40:51:30.0727,1.330,0.658,0.227,0.112,0.039
2322-123,23:25:19.7730,-12:07:27.091,1.087,0.220,0.070,0.045,0.022
J2325-4800,23:25:26.87324,-48:00:17.2612,0.284,0.244,0.208,0.170,0.193
2323+009,23:26:25.6437,01:12:08.681,0.185,0.191,0.217,0.096,0.229
2323-407,23:26:34.1,-40:27:17.7,2.191,0.902,0.207,0.018,0.003
2325+093,23:27:33.580579,09:40:09.462780,0.526,0.444,0.446,0.784,0.859
J2327-4510,23:27:41.05885,-45:10:56.2768,0.308,0.323,0.274,0.205,0.155
J2327-6644,23:27:45.31577,-66:44:42.4468,0.307,0.243,0.171,0.124,
J2328-4035,23:28:19.26488,-40:35:09.8463,0.367,0.433,0.579,0.585,0.706
2326+082,23:29:05.7862,08:34:15.846,0.274,0.322,0.362,,0.225
2326-477,23:29:17.704,-47:30:19.11,2.743,2.106,1.749,1.804,1.090
2326-502,23:29:20.88159,-49:55:40.6496,0.663,0.446,0.438,0.427,
2327-459,23:30:37.68057,-45:39:58.1032,0.913,0.497,0.212,0.138,0.135
2329-384,23:31:59.476,-38:11:47.65,0.696,1.005,0.548,0.299,0.111
2330+083,23:32:57.596284,08:38:10.427150,0.354,0.425,0.445,,0.209
2331+073,23:34:12.828194,07:36:27.552040,0.631,0.721,0.994,0.510,1.072
J2334-5251,23:34:44.91717,-52:51:19.6363,0.771,1.085,0.735,0.462,
2333-528,23:36:12.145,-52:36:21.95,1.766,1.634,1.068,0.720,0.297
J2337-5216,23:37:23.16708,-52:16:20.1075,0.490,0.429,0.216,0.120,
J2337-5901,23:37:26.79595,-59:01:13.6657,0.061,0.113,0.144,0.093,
2335-027,23:37:57.339089,-02:30:57.629370,0.468,0.855,0.843,0.407,0.866
2337-334,23:39:54.53523,-33:10:16.8816,1.136,0.868,0.526,0.314,0.160
2338+000,23:41:06.9102,00:18:33.305,0.078,0.275,0.176,0.086,0.079
2339-353,23:41:45.87,-35:06:22.20,1.278,0.436,0.104,0.002,0.004
J2343-7038,23:43:21.59113,-70:38:39.7111,0.134,0.130,0.090,0.077,
J2343-5626,23:43:27.09832,-56:26:24.1035,0.168,0.115,0.099,0.050,
2344+092,23:46:36.838558,09:30:45.514970,1.457,1.242,0.793,0.668,0.183
2344+068,23:46:39.933385,07:05:06.846400,0.116,0.205,0.206,,0.198
J2347-4946,23:47:43.68603,-49:46:27.8814,0.266,0.398,0.399,0.329,
2345-167,23:48:02.608516,-16:31:12.022020,2.121,2.305,1.687,1.875,3.105
2346+052,23:49:21.0519,05:34:39.849,0.328,0.228,0.264,,0.250
J2349-4932,23:49:25.37976,-49:32:26.5541,0.368,0.399,0.352,0.299,
2351-154,23:54:30.195190,-15:13:11.213010,0.905,0.943,0.801,0.400,0.429
2353-686,23:56:00.682,-68:20:03.47,0.942,1.530,1.045,0.591,0.245
J2357-4838,23:57:21.02964,-48:38:18.2598,0.299,0.305,0.233,0.183,0.204
2354-117,23:57:31.197570,-11:25:39.176340,1.718,1.599,0.873,0.591,0.356
2355-534,23:57:53.266,-53:11:13.69,1.407,1.823,1.682,1.339,1.496
J2358-4555,23:58:02.14056,-45:55:18.8622,0.226,0.451,0.517,0.353,0.254
2355-106,23:58:10.882409,-10:20:08.611260,0.911,1.020,0.742,0.738,0.776
2357-318,23:59:35.4940,-31:33:43.820,0.708,0.671,0.405,0.314,0.292